,ts_code,trade_date,close,open,high,low,pre_close,change,pct_chg,vol,amount
0,300723.SZ,20230131,41.91,34.55,43.33,34.15,34.58,7.329999999999998,21.1972,43045864.0,1681219346.3
1,300723.SZ,20221230,34.58,35.86,36.44,31.61,35.74,-1.1600000000000037,-3.2457,35137728.0,1201509099.93
2,300723.SZ,20221130,35.74,27.67,38.5,27.67,27.65,8.090000000000003,29.2586,85315743.0,2906930403.27
3,300723.SZ,20221031,27.65,23.88,28.36,21.93,23.61,4.039999999999999,17.1114,38631270.0,1016224440.28
4,300723.SZ,20220930,23.61,24.64,25.41,22.65,24.77,-1.1600000000000001,-4.6831,17912965.0,430490136.9
5,300723.SZ,20220831,24.77,27.8,27.8,24.64,28.04,-3.2699999999999996,-11.6619,26055272.0,684998747.85
6,300723.SZ,20220729,28.04,26.99,29.8,26.86,26.9,1.1400000000000006,4.2379,37373200.0,1067591887.71
7,300723.SZ,20220630,26.9,28.28,28.8,26.62,28.29,-1.3900000000000006,-4.9134,28115882.0,772890856.21
8,300723.SZ,20220531,28.29,26.76,31.77,26.49,27.84,0.4499999999999993,1.6164,42247995.0,1209289185.23
9,300723.SZ,20220429,27.6573,27.9057,28.611,23.6538,28.015,-0.35770000000000124,-1.2768,27739967.0,739643655.94
10,300723.SZ,20220331,28.015,29.1574,31.6708,26.1274,29.1376,-1.1225999999999985,-3.8528,55933597.0,1628445862.47
11,300723.SZ,20220228,29.1376,27.9156,29.7734,27.4686,27.6077,1.5298999999999978,5.5416,25201742.0,721687789.77
12,300723.SZ,20220128,27.6077,36.1512,37.0056,27.2699,35.6645,-8.056799999999996,-22.5905,49345461.0,1629505598.97
13,300723.SZ,20211231,35.6645,33.8266,36.6579,31.0152,33.4392,2.225299999999997,6.6548,36466352.0,1221213378.37
14,300723.SZ,20211130,33.4392,31.6112,34.6214,30.2502,31.5914,1.8477999999999994,5.8491,36135647.0,1194940585.84
15,300723.SZ,20211029,31.5914,30.7469,33.3796,28.8594,30.2602,1.331199999999999,4.3992,23939460.0,750814716.49
16,300723.SZ,20210930,30.2602,34.5319,35.4757,28.2931,34.4922,-4.231999999999996,-12.2694,28445344.0,921054468.85
17,300723.SZ,20210831,34.4922,36.2804,39.5389,34.0253,35.9426,-1.450400000000002,-4.0353,70911176.0,2586109919.42
18,300723.SZ,20210730,35.9426,33.7869,39.6382,29.2866,33.5286,2.4140000000000015,7.1998,115386080.0,4014047889.06
19,300723.SZ,20210630,33.5286,27.1805,33.6378,24.836,26.8725,6.656099999999999,24.7692,63676583.0,1779831126.6
20,300723.SZ,20210531,26.8725,27.7368,29.5647,25.7499,27.5779,-0.7054000000000009,-2.5578,57502400.0,1602117704.06
21,300723.SZ,20210430,27.5779,47.6255,51.4105,26.6043,48.6785,-21.1006,-43.3469,21569067.0,961036816.67
22,300723.SZ,20210331,27.1389,25.3721,29.9635,24.9401,25.2059,1.9329999999999998,7.6688,30596596.0,1525706773.64
23,300723.SZ,20210226,25.2059,23.5444,28.1967,23.5444,23.705,1.5009000000000015,6.3316,24398704.0,1135455354.2
24,300723.SZ,20210129,23.705,22.2539,26.3026,21.0908,22.2539,1.4510999999999967,6.5207,28787404.0,1230956904.22
25,300723.SZ,20201231,22.2539,23.4447,24.4804,21.4342,23.3173,-1.063399999999998,-4.5606,18112517.0,746669858.08
26,300723.SZ,20201130,23.3173,24.3751,25.9813,22.9296,24.2145,-0.8972000000000016,-3.7052,31634979.0,1417093106.9
27,300723.SZ,20201030,24.2145,23.6884,25.8207,21.6557,23.4557,0.7588000000000008,3.235,25534979.0,1100967434.59
28,300723.SZ,20200930,23.4557,27.1389,27.4103,22.1542,27.1333,-3.677599999999998,-13.5538,26784947.0,1179311801.43
29,300723.SZ,20200831,27.1333,27.4989,36.1445,26.4078,27.4546,-0.3213000000000008,-1.1703,44110941.0,2394041222.33
30,300723.SZ,20200731,27.4546,23.8379,32.3673,22.9296,23.8656,3.5889999999999986,15.0384,72749346.0,3501779154.68
31,300723.SZ,20200630,23.8656,21.2791,24.0816,21.2459,21.2237,2.6418999999999997,12.4479,27470231.0,1129830851.83
32,300723.SZ,20200529,21.119,22.7062,23.8635,20.8765,22.7062,-1.5871999999999993,-6.9902,19162877.0,779452006.52
33,300723.SZ,20200430,22.7062,23.1526,25.7263,21.4937,23.2738,-0.5676000000000023,-2.4388,27614376.0,1203060025.94
34,300723.SZ,20200331,23.2738,22.5298,24.4918,20.667,22.5078,0.7660000000000018,3.4033,21418885.0,883363529.16
35,300723.SZ,20200228,22.5078,20.2151,26.3822,20.2151,22.4141,0.09369999999999834,0.418,41631960.0,1729005770.34
36,300723.SZ,20200123,22.4141,21.163,24.354,20.4797,21.141,1.273100000000003,6.0219,26552799.0,1084803928.9
37,300723.SZ,20191231,21.141,17.476,21.6205,16.5226,17.5312,3.6098,20.5907,37707170.0,1339026216.49
38,300723.SZ,20191129,17.5312,20.7442,21.9952,17.0407,20.9757,-3.4445000000000014,-16.4214,21662956.0,761448089.57
39,300723.SZ,20191031,20.9757,20.8875,22.596,20.2812,21.2182,-0.24249999999999972,-1.1429,14699130.0,569035799.78
40,300723.SZ,20190930,21.2182,20.9205,23.2573,20.182,20.7221,0.49609999999999843,2.3941,29710274.0,1171446279.84
41,300723.SZ,20190830,20.7221,20.0112,22.1551,19.0137,20.2316,0.4905000000000008,2.4244,19849698.0,753873469.28
42,300723.SZ,20190731,20.2316,22.4251,24.2383,19.4987,21.9236,-1.6920000000000002,-7.7177,22645404.0,906229674.22
43,300723.SZ,20190628,21.9236,25.4618,25.6271,20.6836,25.4232,-3.499600000000001,-13.7654,21530608.0,875258611.87
44,300723.SZ,20190531,25.4232,22.111,26.3987,21.2182,24.5249,0.8983000000000025,3.6628,20487172.0,900919047.76
45,300723.SZ,20190430,24.5249,21.1134,27.4458,21.1079,20.7221,3.8027999999999977,18.3514,42721742.0,1926551808.38
46,300723.SZ,20190329,20.6194,18.5026,20.6906,17.3729,18.3161,2.3033,12.5753,37432628.0,1299853688.03
47,300723.SZ,20190228,18.3161,15.3165,18.6232,14.96,15.1135,3.2025999999999986,21.1903,17157669.0,539050482.99
48,300723.SZ,20190131,15.1135,14.6584,16.0568,13.7316,14.6365,0.4770000000000003,3.259,13527921.0,378350769.69
49,300723.SZ,20181228,14.6365,15.8758,16.3639,14.2965,15.3548,-0.7182999999999993,-4.678,9184148.0,254279867.29
50,300723.SZ,20181130,15.3548,15.1629,17.1097,14.96,15.1848,0.16999999999999993,1.1195,19871505.0,574431132.75
51,300723.SZ,20181031,15.1848,16.8958,16.8958,13.3532,17.2029,-2.0181000000000004,-11.7312,14882994.0,401242068.71
52,300723.SZ,20180928,17.2029,17.6855,17.7513,16.2487,17.8226,-0.6197000000000017,-3.477,12188402.0,379636066.75
53,300723.SZ,20180831,17.8226,18.5355,18.8645,16.3968,18.5739,-0.751299999999997,-4.0449,24800054.0,808256278.13
54,300723.SZ,20180731,18.5739,22.5935,23.3832,18.1516,22.791,-4.217100000000002,-18.5034,45552477.0,1739799369.73
55,300723.SZ,20180629,22.791,23.789,25.9881,20.6797,23.959,-1.1679999999999993,-4.875,41092775.0,1774277563.06
56,300723.SZ,20180531,23.959,22.6594,28.2419,22.3194,22.5387,1.420300000000001,6.3016,82268122.0,3727230479.87
57,300723.SZ,20180427,22.4713,22.3619,27.3975,20.3937,22.3948,0.07649999999999935,0.3416,95482935.0,4170889693.67
58,300723.SZ,20180330,22.3948,16.9984,22.936,16.9874,17.2335,5.161300000000001,29.9492,110127203.0,4152098802.29
59,300723.SZ,20180228,17.2335,19.2947,19.8196,15.2597,19.5462,-2.3126999999999995,-11.832,45921659.0,1442591018.22
60,300723.SZ,20180131,19.5462,19.6337,25.1394,18.9065,19.6173,-0.07110000000000127,-0.3624,196509267.0,7866125717.7
61,300723.SZ,20171229,19.6173,20.2952,22.6408,17.6709,20.7764,-1.1590999999999987,-5.5789,152750571.0,5471563518.1
62,300723.SZ,20171130,20.7764,11.1864,23.789,11.1864,9.322,11.4544,122.8749,50639980.0,1908749467.98
0,000756.SZ,20230131,27.46,30.98,31.44,26.91,30.1,-2.6400000000000006,-8.7708,464454410.0,13523201544.04
1,000756.SZ,20221230,30.1,23.28,48.85,20.63,22.75,7.350000000000001,32.3077,1686792841.0,59948284235.38
2,000756.SZ,20221130,22.75,18.07,27.1,17.5,17.91,4.84,27.024,1360804314.0,31445867446.36
3,000756.SZ,20221031,17.91,18.71,21.6,17.1,18.01,-0.10000000000000142,-0.5552,608765930.0,11681138778.55
4,000756.SZ,20220930,18.01,17.58,18.72,16.05,17.56,0.45000000000000284,2.5626,376062487.0,6562000656.49
5,000756.SZ,20220831,17.56,20.98,22.1,17.17,20.98,-3.4200000000000017,-16.3012,419752841.0,8333219781.09
6,000756.SZ,20220729,20.8184,26.3058,29.1636,20.7191,27.3179,-6.499500000000001,-23.7921,874346439.0,22599881672.1
7,000756.SZ,20220630,27.3179,32.2298,33.9762,24.2914,32.9839,-5.665999999999997,-17.1781,1468742444.0,41220783613.43
8,000756.SZ,20220531,32.9839,14.9936,40.3864,14.9936,13.6341,19.3498,141.9221,1533343576.0,44240524134.0
9,000756.SZ,20220429,13.6341,9.5757,13.6341,8.0078,9.7642,3.8698999999999995,39.6336,372428377.0,3611773721.34
10,000756.SZ,20220331,9.7642,9.665,10.7168,8.0773,9.665,0.09920000000000151,1.0264,392933211.0,3775356331.25
11,000756.SZ,20220228,9.665,8.9307,9.9626,8.7719,8.752,0.9129999999999985,10.4319,182147871.0,1716550935.15
12,000756.SZ,20220128,8.752,11.1236,11.5602,8.6727,11.1038,-2.351799999999999,-21.1801,345969950.0,3673876298.2
13,000756.SZ,20211231,11.1038,7.9284,12.5228,7.9086,7.9086,3.1952,40.4016,771168459.0,8030533163.29
14,000756.SZ,20211130,7.9086,7.4323,7.9384,7.2636,7.4224,0.4862000000000002,6.5504,48097759.0,370031618.26
15,000756.SZ,20211029,7.4224,7.7994,8.0078,7.2735,7.7895,-0.36710000000000065,-4.7128,19370676.0,150303792.62
16,000756.SZ,20210930,7.7895,7.9284,8.3254,7.7201,7.9284,-0.13889999999999958,-1.7519,44497419.0,363072661.46
17,000756.SZ,20210831,7.9284,7.9582,8.2162,7.7994,7.9582,-0.029799999999999827,-0.3745,32862138.0,264209195.19
18,000756.SZ,20210730,7.9582,8.6131,8.7223,7.7498,8.5933,-0.6350999999999996,-7.3906,32788440.0,275481809.85
19,000756.SZ,20210630,8.4328,8.8223,9.3968,8.2868,8.7639,-0.3310999999999993,-3.778,59962914.0,540196567.96
20,000756.SZ,20210531,8.7639,9.2021,9.3287,8.5886,9.1924,-0.42849999999999966,-4.6615,73892432.0,675384452.71
21,000756.SZ,20210430,9.1924,8.277,9.5429,8.2283,8.2965,0.8958999999999993,10.7985,99247905.0,912007458.6
22,000756.SZ,20210331,8.2965,8.2186,8.3549,7.8486,8.2186,0.07789999999999964,0.9478,31557780.0,263267578.36
23,000756.SZ,20210226,8.2186,7.8096,8.647,7.6246,7.8096,0.4090000000000007,5.2371,25325004.0,212244259.21
24,000756.SZ,20210129,7.8096,9.1437,9.6792,7.7901,9.1339,-1.324300000000001,-14.4987,38533151.0,342802367.15
25,000756.SZ,20201231,9.1339,9.6305,9.7182,9.0463,9.5916,-0.4576999999999991,-4.7719,37211452.0,362516568.96
26,000756.SZ,20201130,9.5916,9.9811,10.7796,9.5234,9.9811,-0.38949999999999996,-3.9024,94704406.0,999121226.46
27,000756.SZ,20201030,9.9811,9.1145,10.1953,9.1145,9.0658,0.9153000000000002,10.0962,81684871.0,818912210.58
28,000756.SZ,20200930,9.0658,10.2051,10.2635,8.91,10.2148,-1.149000000000001,-11.2484,84183457.0,822326720.59
29,000756.SZ,20200831,10.2148,11.9092,12.2013,9.8448,11.8897,-1.6748999999999992,-14.087,186480597.0,2094096300.4
30,000756.SZ,20200731,11.7647,10.011,12.1693,9.7123,9.9436,1.8210999999999995,18.3143,517048563.0,5954277469.02
31,000756.SZ,20200630,9.9436,9.1342,10.8108,9.0571,9.2402,0.7034000000000002,7.6124,280518196.0,2886963938.5
32,000756.SZ,20200529,9.2402,9.5967,10.5506,8.8259,9.5293,-0.28909999999999947,-3.0338,191165105.0,1922100101.26
33,000756.SZ,20200430,9.5293,11.6683,12.2175,9.4426,11.7839,-2.2546,-19.1329,334532188.0,3776782050.41
34,000756.SZ,20200331,11.7839,7.9395,12.8149,7.9395,7.9202,3.863699999999999,48.7829,573082833.0,6038227374.05
35,000756.SZ,20200228,7.9202,8.9704,11.0806,7.9009,8.1996,-0.27939999999999987,-3.4075,444794013.0,4149522906.32
36,000756.SZ,20200123,8.1996,7.2168,9.0282,7.1108,7.2457,0.9539,13.165,181764036.0,1494137500.88
37,000756.SZ,20191231,7.2457,6.658,7.5155,6.5038,6.658,0.5876999999999999,8.827,76002582.0,540821514.07
38,000756.SZ,20191129,6.658,6.8796,7.159,6.5905,6.9278,-0.26980000000000004,-3.8945,56826153.0,405217963.51
39,000756.SZ,20191031,6.9278,6.4653,6.9663,6.4075,6.4556,0.47220000000000084,7.3146,39383465.0,274496765.01
40,000756.SZ,20190930,6.4556,6.8025,7.2843,6.4171,6.8314,-0.3758000000000008,-5.5011,64072969.0,459392366.28
41,000756.SZ,20190830,6.8314,6.8025,7.1686,5.9931,6.8025,0.028900000000000148,0.4248,74996641.0,517323652.87
42,000756.SZ,20190731,6.8025,6.9663,7.265,6.7447,6.8892,-0.08669999999999956,-1.2585,68643821.0,498659594.11
43,000756.SZ,20190628,6.7951,6.9186,6.9661,6.1393,6.8616,-0.06650000000000045,-0.9692,62057139.0,431165114.05
44,000756.SZ,20190531,6.8616,7.0802,7.3843,6.6335,7.3653,-0.5037000000000003,-6.8388,96832722.0,712580386.46
45,000756.SZ,20190430,7.3653,7.2703,9.5131,7.1372,7.2703,0.09500000000000064,1.3067,224121829.0,1937664920.63
46,000756.SZ,20190329,7.2703,6.7666,7.5079,6.472,6.7381,0.5321999999999996,7.8984,168425697.0,1248099676.02
47,000756.SZ,20190228,6.7381,5.6071,6.8046,5.5406,5.6071,1.1310000000000002,20.1709,80200948.0,534154526.9
48,000756.SZ,20190131,5.6071,5.284,6.1488,5.17,5.2745,0.33260000000000023,6.3058,52860134.0,318277268.87
49,000756.SZ,20181228,5.2745,6.1393,6.3199,5.17,6.0633,-0.7888000000000002,-13.0094,44853989.0,272397004.81
50,000756.SZ,20181130,6.0633,5.5881,6.6335,5.5026,5.5786,0.48470000000000013,8.6886,125059244.0,815764650.9
51,000756.SZ,20181031,5.5786,5.7972,5.8257,4.8183,5.8922,-0.3136000000000001,-5.3223,42728406.0,239162534.83
52,000756.SZ,20180928,5.8922,6.1488,6.3009,5.6546,6.1964,-0.3041999999999998,-4.9093,44258899.0,274962669.9
53,000756.SZ,20180831,6.1964,7.1562,7.1562,6.0633,7.1562,-0.9598000000000004,-13.4121,77639785.0,527902728.93
54,000756.SZ,20180731,7.1562,9.8077,10.4445,7.1087,9.8077,-2.6515000000000004,-27.0349,83204435.0,821655210.88
55,000756.SZ,20180629,7.508,8.9631,8.9631,7.0715,8.9631,-1.4551000000000007,-16.2343,57514216.0,629601280.01
56,000756.SZ,20180531,8.9631,9.9088,10.2508,8.8467,9.7342,-0.7710999999999988,-7.9216,108488144.0,1448076970.91
57,000756.SZ,20180427,9.7342,9.1013,9.8579,8.883,9.094,0.6402000000000001,7.0398,108371952.0,1400795300.88
58,000756.SZ,20180330,9.094,8.6648,10.1707,8.3156,8.6648,0.4291999999999998,4.9534,119302113.0,1507253999.8
59,000756.SZ,20180228,8.6648,8.3301,8.8394,8.0828,9.2177,-0.5529000000000011,-5.9982,33016517.0,382856341.9
60,000756.SZ,20180131,9.2395,10.2289,10.8983,9.0795,10.1853,-0.9458000000000002,-9.2859,98435115.0,1337218372.32
61,000756.SZ,20171229,10.1648,10.7457,11.0433,9.9034,10.7457,-0.5808999999999997,-5.4059,69512345.0,1000065993.46
62,000756.SZ,20171130,10.7457,12.5608,12.6915,9.8526,12.5608,-1.815100000000001,-14.4505,147252837.0,2272071261.74
63,000756.SZ,20171031,12.5608,11.2103,14.3542,11.1595,11.2176,1.3432000000000013,11.974,154012205.0,2736862668.66
64,000756.SZ,20170929,11.2176,11.3628,11.98,10.9707,11.3628,-0.14520000000000088,-1.2779,77500521.0,1230880438.52
65,000756.SZ,20170831,11.3628,10.5351,11.8711,9.9906,10.5351,0.8277000000000001,7.8566,95095923.0,1452433899.59
66,000756.SZ,20170731,10.5351,11.0651,11.1958,10.1793,11.0216,-0.4864999999999995,-4.4141,66959848.0,983268206.47
67,000756.SZ,20170630,11.0216,9.7292,11.2321,9.2282,9.6638,1.3577999999999992,14.0504,68867782.0,983175558.49
68,000756.SZ,20170531,9.6638,10.5641,10.7239,9.446,10.5569,-0.8931000000000004,-8.4599,42555856.0,592762890.34
69,000756.SZ,20170428,10.5569,10.0559,10.7602,9.8018,10.0777,0.4792000000000005,4.7551,74654765.0,1066592229.79
70,000756.SZ,20170331,10.0777,9.7219,10.6368,9.4533,9.7292,0.3484999999999996,3.582,118092860.0,1656574243.76
71,000756.SZ,20170228,9.7292,9.1048,9.9543,8.9959,9.1048,0.6244000000000014,6.8579,82727539.0,1079066278.5
72,000756.SZ,20170126,9.1048,9.0031,9.7147,8.9305,9.0031,0.10169999999999924,1.1296,59135214.0,758556616.45
73,000756.SZ,20161230,9.0031,9.4896,9.5549,8.4949,9.5331,-0.5299999999999994,-5.5596,60795762.0,758784580.5
74,000756.SZ,20161130,9.5331,9.5404,10.782,9.3516,9.4678,0.0652999999999988,0.6897,191268944.0,2634633526.98
75,000756.SZ,20161031,9.4678,9.4097,10.143,9.3081,9.3298,0.1379999999999999,1.4791,134073203.0,1813879118.77
76,000756.SZ,20160930,9.3298,9.9833,9.9833,8.8071,10.0414,-0.7115999999999989,-7.0867,158578018.0,2048626029.98
77,000756.SZ,20160831,10.0414,8.1173,11.0361,7.7107,8.1173,1.9240999999999993,23.7037,377185454.0,5082502903.88
78,000756.SZ,20160729,8.1064,7.8236,8.6865,7.7439,7.7801,0.3263000000000007,4.194,96531573.0,1098989612.49
79,000756.SZ,20160630,7.7801,7.7366,8.0122,7.2001,7.7294,0.05069999999999997,0.6559,71756397.0,760222595.18
80,000756.SZ,20160531,7.7294,8.4255,8.8243,7.1638,8.4182,-0.6888000000000005,-8.1823,64528598.0,709212417.07
81,000756.SZ,20160429,8.4182,8.0339,9.1868,7.7439,8.0992,0.31900000000000084,3.9387,111510677.0,1286792587.33
82,000756.SZ,20160331,8.0992,6.997,8.7227,6.9463,6.9463,1.1528999999999998,16.5973,111246484.0,1187415179.72
83,000756.SZ,20160229,6.9463,7.3523,8.9185,6.7795,7.3451,-0.3988000000000005,-5.4295,107989084.0,1213318781.61
84,000756.SZ,20160129,7.3451,9.6944,9.6944,6.8665,9.7234,-2.3782999999999994,-24.4596,120111292.0,1330001196.94
85,000756.SZ,20151231,9.7234,8.1137,10.5572,7.7656,8.0992,1.6242,20.0538,185671802.0,2357919432.6
86,000756.SZ,20151130,8.0992,7.8671,9.1941,7.6714,7.9759,0.12329999999999952,1.5459,192569260.0,2287591486.71
87,000756.SZ,20151030,7.9759,7.9179,9.2231,7.1276,8.7953,-0.819399999999999,-9.3163,226962726.0,2584998487.16
88,000756.SZ,20150731,8.792,8.7703,9.0308,4.8338,8.7486,0.043400000000000105,0.4961,226277110.0,2282851964.17
89,000756.SZ,20150630,8.7486,11.1437,13.7415,7.6125,11.0497,-2.3011,-20.825,356148667.0,5825543644.42
90,000756.SZ,20150529,11.0497,10.5649,12.0049,8.8861,10.5793,0.4703999999999997,4.4464,319851706.0,4816569085.51
91,000756.SZ,20150430,10.5793,8.119,12.6634,8.0032,8.1335,2.4458,30.0707,379926100.0,5346264497.93
92,000756.SZ,20150331,8.1335,6.1652,8.6762,6.1363,6.158,1.9754999999999994,32.0802,287695302.0,2847989560.99
93,000756.SZ,20150227,6.158,5.9771,6.2231,5.7455,6.006,0.15200000000000014,2.5308,48958746.0,407912258.57
94,000756.SZ,20150130,6.006,5.7383,6.2448,5.6442,5.7673,0.23870000000000058,4.1389,90525677.0,746622359.25
95,000756.SZ,20141231,5.7673,6.0495,6.7948,5.6298,6.0567,-0.28940000000000055,-4.7782,178801931.0,1524713784.89
96,000756.SZ,20141128,6.0567,6.404,6.4764,5.7166,6.3968,-0.3400999999999996,-5.3167,106345576.0,892904709.87
97,000756.SZ,20141031,6.3968,5.4054,7.475,5.3765,5.3403,1.0564999999999998,19.7835,266395388.0,2346280685.06
98,000756.SZ,20140930,5.3403,4.718,5.391,4.718,4.7035,0.6368,13.5389,101363518.0,715315433.5
99,000756.SZ,20140829,4.7035,4.7759,5.0798,4.6022,4.6167,0.08680000000000021,1.8801,118882390.0,800503482.19
100,000756.SZ,20140731,4.6167,3.9944,4.6746,3.9727,3.9871,0.6295999999999999,15.7909,103372780.0,623254449.86
101,000756.SZ,20140630,3.9737,3.9232,4.017,3.7574,3.9016,0.07209999999999983,1.848,29519516.0,159453445.0
102,000756.SZ,20140530,3.9016,3.7646,4.2982,3.7574,3.779,0.12260000000000026,3.2442,37974092.0,209732278.0
103,000756.SZ,20140430,3.779,4.0819,4.4064,3.6203,4.0675,-0.2885,-7.0928,60789752.0,346825119.0
104,000756.SZ,20140331,4.0675,4.6949,4.8824,3.9665,4.6949,-0.6273999999999997,-13.3634,86628437.0,533451565.0
105,000756.SZ,20140228,4.6949,3.5554,4.8031,3.5554,3.5987,1.0961999999999996,30.461,126629538.0,742416860.0
106,000756.SZ,20140130,3.5987,3.5049,3.678,3.3246,3.4977,0.10099999999999998,2.8876,48118718.0,236776063.0
107,000756.SZ,20131231,3.4977,3.4256,3.7357,3.1732,3.4689,0.028799999999999937,0.8302,66830768.0,326603094.0
108,000756.SZ,20131129,3.4689,3.2814,3.5049,3.1371,3.2814,0.1875,5.714,29529289.0,136348423.0
109,000756.SZ,20131031,3.2814,3.4112,3.7141,3.1444,3.404,-0.12259999999999982,-3.6016,40720064.0,197674293.0
110,000756.SZ,20130930,3.404,3.2958,3.5987,3.2165,3.2814,0.12259999999999982,3.7362,46455489.0,217073648.0
111,000756.SZ,20130830,3.2814,2.9136,3.5915,2.9064,2.9352,0.34620000000000006,11.7948,72561776.0,324499829.0
112,000756.SZ,20130731,2.9352,2.8126,3.0434,2.7405,2.8198,0.11540000000000017,4.0925,36086864.0,146582990.0
113,000756.SZ,20130628,2.8198,3.6708,3.6997,2.6323,3.6636,-0.8438000000000003,-23.032,22700980.0,102267237.0
114,000756.SZ,20130531,3.6562,3.3251,3.7209,3.2099,3.3179,0.33830000000000027,10.1962,46210313.0,224336973.0
115,000756.SZ,20130426,3.3179,3.8289,4.2104,3.3179,3.8289,-0.5110000000000001,-13.3459,82455139.0,433255889.0
116,000756.SZ,20130329,3.8289,3.4547,4.0232,3.3467,3.4475,0.3814000000000002,11.0631,89554193.0,456702743.0
117,000756.SZ,20130228,3.4475,3.3395,3.541,3.2459,3.3323,0.11519999999999975,3.4571,38981785.0,185302105.0
118,000756.SZ,20130131,3.3323,3.1884,3.4403,3.0084,3.1812,0.1511,4.7498,48642319.0,223934124.0
0,603538.SH,20230131,27.03,25.72,27.47,25.4,25.75,1.2800000000000011,4.9709,103511618.0,2731428088.0
1,603538.SH,20221230,25.75,28.46,31.98,24.8,28.01,-2.2600000000000016,-8.0685,346435856.0,9811537991.0
2,603538.SH,20221130,28.01,24.79,34.06,24.65,24.73,3.280000000000001,13.2632,393155307.0,11530182051.0
3,603538.SH,20221031,24.73,23.77,26.19,21.75,23.76,0.9699999999999989,4.0825,95815263.0,2356627316.0
4,603538.SH,20220930,23.76,26.31,27.02,22.69,26.4,-2.639999999999997,-10.0,72734768.0,1810252029.0
5,603538.SH,20220831,26.4,28.22,29.1,26.0,28.06,-1.6600000000000001,-5.9159,116977139.0,3213414807.0
6,603538.SH,20220729,28.06,32.0,34.32,28.0,31.85,-3.7900000000000027,-11.8995,213239459.0,6680569222.0
7,603538.SH,20220630,31.85,39.8,43.39,28.61,40.16,-8.309999999999995,-20.6922,251689571.0,8164283488.0
8,603538.SH,20220531,28.6157,32.0645,37.9287,27.326,32.5561,-3.9404000000000003,-12.1034,301607500.0,14268284238.0
9,603538.SH,20220429,32.5561,50.5906,51.866,29.1145,53.455,-20.898899999999998,-39.0962,368230070.0,19949398974.0
10,603538.SH,20220331,53.455,22.1601,61.7633,21.7041,22.1601,31.2949,141.2218,482467204.0,30016770303.0
11,603538.SH,20220228,22.1601,22.2527,22.6803,20.4144,21.9463,0.2137999999999991,0.9742,34119555.0,1028830144.0
12,603538.SH,20220128,21.9463,25.3309,26.8629,21.4832,25.3024,-3.356099999999998,-13.264,51890917.0,1794157934.0
13,603538.SH,20211231,25.3024,26.4425,27.0838,22.4451,26.5494,-1.2469999999999999,-4.6969,65661322.0,2229125282.0
14,603538.SH,20211130,26.5494,19.9512,26.7916,19.7517,19.9085,6.6408999999999985,33.3571,82561816.0,2679210998.0
15,603538.SH,20211029,19.9085,24.996,26.7061,19.652,24.5685,-4.66,-18.9674,48753516.0,1601566961.0
16,603538.SH,20210930,24.5685,21.6328,26.9626,21.2338,21.7326,2.8358999999999988,13.0491,99294312.0,3364937669.0
17,603538.SH,20210831,21.7326,24.6255,26.6491,21.4547,24.6255,-2.8928999999999974,-11.7476,72549473.0,2449151473.0
18,603538.SH,20210730,24.6255,32.8126,33.9812,23.7918,33.4895,-8.864,-26.468,96263196.0,3845631231.0
19,603538.SH,20210630,33.4895,28.8081,35.335,27.326,27.7464,5.743099999999998,20.6985,162206467.0,7246307448.0
20,603538.SH,20210531,27.7464,28.9649,29.2143,24.5828,31.1382,-3.3918,-10.8927,153423461.0,5725764446.0
21,603538.SH,20210430,31.1382,21.9107,31.359,20.3787,21.8252,9.313000000000002,42.6709,194804030.0,7177196363.0
22,603538.SH,20210331,21.8252,23.5139,24.3975,21.0628,23.4498,-1.624600000000001,-6.928,43743044.0,1376209977.0
23,603538.SH,20210226,23.4498,21.1483,24.882,20.963,21.4262,2.0235999999999983,9.4445,47214069.0,1515429100.0
24,603538.SH,20210129,21.4262,26.6135,27.3902,21.2338,26.4567,-5.0305,-19.0141,92665538.0,3230539048.0
25,603538.SH,20201231,26.4567,20.9987,27.0482,20.9274,21.0984,5.3583,25.3967,140013990.0,4797119017.0
26,603538.SH,20201130,21.0984,23.8132,24.141,20.9417,23.7348,-2.6363999999999983,-11.1077,66069381.0,2084727340.0
27,603538.SH,20201030,23.7348,26.8914,28.7868,23.7134,26.3641,-2.6293000000000006,-9.973,59248811.0,2151500120.0
28,603538.SH,20200930,26.3641,36.753,37.6223,26.1575,36.5535,-10.1894,-27.8753,75162681.0,3276634542.0
29,603538.SH,20200831,36.5535,32.777,37.4727,30.7106,32.5846,3.968899999999998,12.1803,117881252.0,5639923008.0
30,603538.SH,20200731,32.5846,36.4822,39.4678,30.0052,36.3255,-3.7408999999999963,-10.2983,197415701.0,9676051582.0
31,603538.SH,20200630,36.3255,32.4207,44.3915,31.6369,32.3709,3.9545999999999992,12.2165,111038061.0,5792345077.0
32,603538.SH,20200529,32.2917,23.9256,32.9528,23.7408,24.544,7.747699999999998,31.5666,89111694.0,3658088792.0
33,603538.SH,20200430,24.544,20.798,27.6928,18.5732,21.0255,3.5184999999999995,16.7344,190038645.0,6522763894.0
34,603538.SH,20200331,21.0255,16.7038,22.902,16.6328,16.5403,4.4852000000000025,27.1168,207401870.0,5972367730.0
35,603538.SH,20200228,16.5403,14.7491,21.0397,14.7349,16.3698,0.170499999999997,1.0416,130316661.0,3257339012.0
36,603538.SH,20200123,16.3698,17.5497,18.7296,16.1494,17.5497,-1.1799,-6.7232,58684721.0,1475843128.0
37,603538.SH,20191231,17.5497,17.7843,19.3978,16.9882,18.0544,-0.5046999999999997,-2.7954,114681288.0,2965174430.0
38,603538.SH,20191129,18.0544,16.0499,18.8931,15.6447,16.0641,1.9903000000000013,12.3897,123053393.0,2983332963.0
39,603538.SH,20191031,16.0641,14.9268,16.91,14.7633,14.9979,1.0662000000000003,7.109,74963842.0,1699735670.0
40,603538.SH,20190930,14.9979,14.6567,16.8247,14.5075,14.6212,0.3766999999999996,2.5764,81488656.0,1790481959.0
41,603538.SH,20190830,14.6212,14.7847,15.467,13.2493,14.8984,-0.27720000000000056,-1.8606,50318541.0,1024497386.0
42,603538.SH,20190731,14.7523,15.3295,16.0403,14.0063,15.0831,-0.3308,-2.1932,62476222.0,1348374932.0
43,603538.SH,20190628,15.0831,14.7946,15.3576,13.8725,14.8298,0.2532999999999994,1.708,37933351.0,786873247.0
44,603538.SH,20190531,14.8298,14.4497,17.4832,13.9429,15.2872,-0.4573999999999998,-2.992,87393629.0,1944486168.0
45,603538.SH,20190430,15.2872,13.9218,17.4551,13.9218,13.8796,1.4076000000000004,10.1415,103174011.0,2275169886.0
46,603538.SH,20190329,13.8796,13.6473,15.3506,13.3799,13.6473,0.2323000000000004,1.7022,83046530.0,1684039493.0
47,603538.SH,20190228,13.6473,12.493,14.879,12.3875,12.493,1.1542999999999992,9.2396,43992631.0,862420172.0
48,603538.SH,20190131,12.493,13.8585,14.1822,12.3241,13.8585,-1.365499999999999,-9.8532,36673932.0,697138787.0
49,603538.SH,20181228,13.8585,14.323,16.5823,13.4432,14.3652,-0.5067000000000004,-3.5273,52117252.0,1107980547.0
50,603538.SH,20181130,14.3652,11.4091,14.5553,11.2684,11.4866,2.8786000000000005,25.0605,49853712.0,906558623.0
51,603538.SH,20181031,11.4866,11.6132,14.0485,10.2197,10.9587,0.5278999999999989,4.8172,83019106.0,1410529520.0
52,603538.SH,20180928,10.9587,9.9944,11.3036,9.5017,10.1633,0.7954000000000008,7.8262,23407260.0,348213262.0
53,603538.SH,20180831,10.1633,11.5499,11.7329,9.6707,11.4091,-1.245800000000001,-10.9194,26221074.0,388741263.0
54,603538.SH,20180731,11.4091,12.669,13.0772,10.3956,12.7957,-1.3865999999999996,-10.8365,39543402.0,645690391.0
55,603538.SH,20180629,10.5575,14.2683,14.2683,9.7096,12.9733,-2.415800000000001,-18.6213,42689453.0,890639803.0
56,603538.SH,20180228,12.9733,14.64,14.849,12.288,14.8374,-1.8641000000000005,-12.5635,2040835.0,48284362.0
57,603538.SH,20180131,14.8374,15.3891,16.0046,14.8084,15.3252,-0.4878,-3.183,9817779.0,260449966.0
58,603538.SH,20171229,15.3252,15.4472,17.6307,14.669,15.4007,-0.0754999999999999,-0.4902,21344062.0,586700909.0
59,603538.SH,20171130,15.4007,15.9872,17.3519,14.5238,16.0627,-0.661999999999999,-4.1213,16016544.0,437850484.0
60,603538.SH,20171031,16.0627,17.288,18.1707,15.4181,16.957,-0.8943000000000012,-5.2739,18736419.0,540633275.0
61,603538.SH,20170929,16.957,16.2021,17.9733,15.9117,16.1672,0.7897999999999996,4.8852,29388086.0,847639962.0
62,603538.SH,20170831,16.1672,15.6388,16.2311,14.4077,15.5575,0.6097000000000019,3.919,27173760.0,718706930.0
63,603538.SH,20170731,15.5575,17.3287,18.554,14.7793,17.3287,-1.771200000000002,-10.2212,26487201.0,765886593.0
64,603538.SH,20170630,17.3287,17.0674,18.3391,16.2021,17.2474,0.08130000000000237,0.4714,35486160.0,1069418276.0
65,603538.SH,20170531,17.2474,20.6736,22.1835,16.2311,21.0685,-3.8211000000000013,-18.1366,72462408.0,2437912293.0
66,603538.SH,20170428,21.0685,11.7305,23.6876,11.7305,8.1475,12.921,158.5885,74279590.0,2665062174.0
0,688117.SH,20230131,25.18,22.39,27.28,22.22,22.22,2.960000000000001,13.3213,18993803.0,480342624.0
1,688117.SH,20221230,22.22,25.58,28.25,21.78,24.99,-2.7699999999999996,-11.0844,21643520.0,540733854.0
2,688117.SH,20221130,24.99,24.11,27.98,23.82,23.78,1.2099999999999973,5.0883,27421250.0,703142362.0
3,688117.SH,20221031,23.78,22.7,24.44,20.66,22.62,1.1600000000000001,5.1282,10269184.0,237651688.0
4,688117.SH,20220930,22.62,26.33,26.87,22.3,26.33,-3.7099999999999973,-14.0904,4575259.0,113983210.0
5,688117.SH,20220831,26.33,27.88,28.88,25.79,28.04,-1.7100000000000009,-6.0984,9598534.0,265307232.0
6,688117.SH,20220729,28.04,29.05,30.13,27.95,29.05,-1.0100000000000016,-3.4768,12653805.0,367723491.0
7,688117.SH,20220630,29.05,29.33,32.0,27.56,29.34,-0.28999999999999915,-0.9884,14824709.0,436103660.0
8,688117.SH,20220531,29.3407,31.1819,34.023,28.1528,30.8949,-1.5542000000000016,-5.0306,8402621.0,262386016.0
9,688117.SH,20220429,30.8949,41.5363,41.5462,27.0244,41.6452,-10.750300000000003,-25.814,23769622.0,817959112.0
10,688117.SH,20220331,41.6452,32.9935,48.9804,31.6769,32.7955,8.849700000000006,26.9845,57559553.0,2246432208.0
11,688117.SH,20220228,32.7955,32.1026,33.4389,31.3799,31.7264,1.0690999999999953,3.3697,8110620.0,264882249.0
12,688117.SH,20220128,31.7264,36.0523,42.5163,31.083,36.2403,-4.513899999999996,-12.4555,26293933.0,1008388693.0
13,688117.SH,20211231,36.2403,36.5274,37.3292,33.5676,36.8541,-0.6138000000000048,-1.6655,11709335.0,416923063.0
14,688117.SH,20211130,36.8541,34.2506,39.2991,31.5383,33.9042,2.9498999999999995,8.7007,16685040.0,603352057.0
15,688117.SH,20211029,33.9042,34.9238,43.9913,32.7856,34.1517,-0.24749999999999517,-0.7247,23672421.0,930889990.0
16,688117.SH,20210930,34.1517,33.1914,36.2107,32.5975,33.5379,0.6137999999999977,1.8302,12054010.0,416472462.0
17,688117.SH,20210831,33.5379,38.7547,41.3779,32.4787,38.5072,-4.969299999999997,-12.9049,14603199.0,565201909.0
18,688117.SH,20210730,38.5072,47.4164,50.1683,36.9927,47.9113,-9.4041,-19.6281,20937580.0,942124674.0
19,688117.SH,20210630,47.9113,80.1821,80.1821,45.1396,17.7193,30.191999999999997,170.3905,60661703.0,3641122106.0
0,688799.SH,20230131,34.68,33.88,36.53,32.31,31.83,2.8500000000000014,8.9538,22317239.0,757736660.0
1,688799.SH,20221230,31.83,34.5,42.22,31.14,34.0,-2.1700000000000017,-6.3824,61971373.0,2358910391.0
2,688799.SH,20221130,34.0,35.42,37.68,33.51,35.29,-1.2899999999999991,-3.6554,20999202.0,751520900.0
3,688799.SH,20221031,35.29,31.48,36.78,30.68,31.48,3.8099999999999987,12.1029,12400084.0,432933389.0
4,688799.SH,20220930,31.48,33.02,33.68,29.09,32.7,-1.2200000000000024,-3.7309,8373013.0,266405220.0
5,688799.SH,20220831,32.7,31.3,33.73,29.35,31.58,1.1200000000000045,3.5465,10838325.0,347941029.0
6,688799.SH,20220729,31.58,32.36,32.82,29.73,32.15,-0.5700000000000003,-1.7729,9838553.0,307023379.0
7,688799.SH,20220630,32.15,30.6,32.92,30.0,30.29,1.8599999999999994,6.1406,9837879.0,310606661.0
8,688799.SH,20220531,30.29,30.55,33.66,28.67,30.61,-0.3200000000000003,-1.0454,8674140.0,269703872.0
9,688799.SH,20220429,29.9218,38.2307,38.739,27.6735,38.6119,-8.690099999999997,-22.5063,11676593.0,401145184.0
10,688799.SH,20220331,38.6119,35.914,39.6872,32.8641,35.7771,2.8348000000000013,7.9235,18493887.0,693918210.0
11,688799.SH,20220228,35.7771,35.0342,36.9306,34.7019,34.8485,0.9285999999999959,2.6647,7741995.0,282526555.0
12,688799.SH,20220128,34.8485,40.9384,47.9179,34.5943,40.2444,-5.3958999999999975,-13.4078,35920411.0,1537682213.0
13,688799.SH,20211231,40.2444,39.3744,40.782,36.1681,39.2962,0.9481999999999999,2.413,13737126.0,539612920.0
14,688799.SH,20211130,39.2962,35.8553,40.6843,34.8192,35.2884,4.007799999999996,11.3573,16809571.0,659362364.0
15,688799.SH,20211029,35.2884,37.4096,40.2933,34.3109,37.4096,-2.1211999999999946,-5.6702,7894566.0,305972717.0
16,688799.SH,20210930,37.4096,37.4585,40.8602,37.1065,37.6931,-0.28350000000000364,-0.7521,13707146.0,548739537.0
17,688799.SH,20210831,37.6931,43.9883,47.1163,37.4682,43.9687,-6.275599999999997,-14.2729,28330107.0,1236041296.0
18,688799.SH,20210730,43.9687,59.824,68.4066,41.5445,30.1271,13.8416,45.944,70899999.0,3922598266.0
0,600276.SH,20230131,42.21,38.62,44.88,37.74,38.53,3.6799999999999997,9.551,885924199.0,36575125225.0
1,600276.SH,20221230,38.53,40.22,40.96,35.93,39.83,-1.2999999999999972,-3.2639,718089726.0,27649649114.0
2,600276.SH,20221130,39.83,40.08,43.21,38.61,40.2,-0.37000000000000455,-0.9204,984110149.0,40056849276.0
3,600276.SH,20221031,40.2,35.0,40.66,32.12,35.1,5.100000000000001,14.5299,1035554141.0,39930147291.0
4,600276.SH,20220930,35.1,34.65,35.99,31.88,34.66,0.44000000000000483,1.2695,647360507.0,22130497434.0
5,600276.SH,20220831,34.66,35.28,38.55,33.38,35.29,-0.6300000000000026,-1.7852,766379667.0,27456372120.0
6,600276.SH,20220729,35.29,37.09,41.59,35.18,37.09,-1.8000000000000043,-4.8531,1268706074.0,48619167546.0
7,600276.SH,20220630,36.9459,30.2121,37.3343,29.3355,30.2022,6.7437000000000005,22.3285,1359064981.0,44781802904.0
8,600276.SH,20220531,30.2022,29.3555,30.7799,28.1402,29.3654,0.8368000000000002,2.8496,740390720.0,21977761751.0
9,600276.SH,20220429,29.3654,36.4578,37.1451,26.8951,36.6769,-7.311500000000002,-19.9349,1037563051.0,33297075930.0
10,600276.SH,20220331,36.6769,39.9242,41.1295,34.5651,39.9242,-3.2472999999999956,-8.1337,1157818098.0,43341994023.0
11,600276.SH,20220228,39.9242,41.2989,41.9762,39.1771,40.7908,-0.8665999999999983,-2.1245,615785964.0,25059976255.0
12,600276.SH,20220128,40.7908,50.5826,51.3198,40.7211,50.5129,-9.722100000000005,-19.2468,865937542.0,40630857702.0
13,600276.SH,20211231,50.5129,49.985,51.7979,48.69,49.975,0.5379000000000005,1.0763,781293559.0,39198098542.0
14,600276.SH,20211130,49.975,48.8295,54.9357,47.8134,49.0486,0.926400000000001,1.8887,1274604018.0,66135474500.0
15,600276.SH,20211029,49.0486,50.6623,55.3241,47.6142,50.0348,-0.9861999999999966,-1.971,936727849.0,47953739598.0
16,600276.SH,20210930,50.0348,45.2236,51.9573,44.7454,45.0243,5.0105,11.1284,1093593838.0,52369941065.0
17,600276.SH,20210831,45.0243,53.7702,58.1431,44.1577,54.1687,-9.144400000000005,-16.8813,1250875384.0,63968606044.0
18,600276.SH,20210730,54.1687,67.7357,70.5248,52.794,67.7058,-13.537099999999995,-19.994,1184709465.0,72277519117.0
19,600276.SH,20210630,67.7058,86.0542,87.409,66.7197,85.9646,-18.258800000000008,-21.2399,855115783.0,63452100434.0
20,600276.SH,20210531,71.4688,69.6469,72.4378,64.6035,69.6469,1.8218999999999994,2.6159,577101890.0,48414081127.0
21,600276.SH,20210430,69.6469,75.858,78.5412,65.6801,76.2638,-6.616900000000001,-8.6763,835978406.0,70251876689.0
22,600276.SH,20210331,76.2638,85.1332,85.1332,70.4668,84.3051,-8.041299999999993,-9.5383,634611970.0,58832181151.0
23,600276.SH,20210226,84.3051,84.8516,92.2553,81.655,85.9282,-1.623100000000008,-1.8889,493509637.0,51532704511.0
24,600276.SH,20210129,85.9282,92.7439,96.7852,83.6508,92.3049,-6.3767,-6.9083,629584136.0,69219443455.0
25,600276.SH,20201231,92.3049,71.4606,96.4788,71.3446,71.2121,21.092799999999997,29.6197,777532945.0,78574998218.0
26,600276.SH,20201130,71.2121,73.357,76.3549,70.3094,73.5723,-2.360199999999992,-3.208,484636501.0,42299986042.0
27,600276.SH,20201030,73.5723,76.1893,78.417,72.5454,74.3839,-0.8115999999999985,-1.0911,330020353.0,30091620295.0
28,600276.SH,20200930,74.3839,78.2513,79.4025,71.2204,78.566,-4.1821000000000055,-5.323,455045974.0,41228758949.0
29,600276.SH,20200831,78.566,76.769,79.9573,72.8518,78.1602,0.4057999999999993,0.5192,672924946.0,62198275734.0
30,600276.SH,20200731,78.1602,76.5205,86.9551,73.9616,76.4377,1.7224999999999966,2.2535,825461759.0,79519134791.0
31,600276.SH,20200630,76.4377,66.0859,79.0132,65.8623,65.1749,11.262800000000013,17.2809,529694591.0,45866280989.0
32,600276.SH,20200529,65.1749,76.6116,83.6426,64.0404,77.0174,-11.842500000000001,-15.3764,412758595.0,37925149668.0
33,600276.SH,20200430,64.0277,62.9124,68.6267,61.4115,63.3599,0.6677999999999926,1.054,376650963.0,35885208502.0
34,600276.SH,20200331,63.3599,58.5543,64.5785,53.1361,57.8934,5.4665000000000035,9.4424,641182407.0,55620527918.0
35,600276.SH,20200228,57.8934,55.4769,64.4683,55.353,60.5784,-2.6850000000000023,-4.4323,465733830.0,41277762447.0
36,600276.SH,20200123,60.5784,60.5853,64.3581,57.5216,60.2549,0.3235000000000028,0.5369,375188427.0,32870629464.0
37,600276.SH,20191231,60.2549,57.1981,60.7093,56.1034,59.1395,1.115400000000001,1.886,407320915.0,34583116544.0
38,600276.SH,20191129,59.1395,62.458,66.4167,57.6387,62.5681,-3.428600000000003,-5.4798,410804895.0,37252217105.0
39,600276.SH,20191031,62.5681,55.1602,63.7936,53.4046,55.5457,7.022400000000005,12.6426,323792750.0,27473280422.0
40,600276.SH,20190930,55.5457,55.4149,57.7144,53.2187,55.112,0.43369999999999465,0.7869,355838878.0,28509782069.0
41,600276.SH,20190830,55.112,45.8521,55.4631,42.5818,46.0862,9.025800000000004,19.5846,411467210.0,29389915249.0
42,600276.SH,20190731,46.0862,46.1275,48.5165,44.9433,45.439,0.647199999999998,1.4243,331628315.0,22289196422.0
43,600276.SH,20190628,45.439,42.933,46.5268,39.3667,42.7953,2.6437000000000026,6.1775,364758769.0,22887245631.0
44,600276.SH,20190531,42.7953,44.7505,47.1464,40.6197,45.2669,-2.4716000000000022,-5.4601,445728322.0,28117619539.0
45,600276.SH,20190430,45.2669,45.439,46.7815,42.4097,45.0397,0.2271999999999963,0.5044,454639427.0,29357827960.0
46,600276.SH,20190329,45.0397,50.1206,52.0139,41.9967,49.501,-4.461299999999994,-9.0125,440526933.0,31225202685.0
47,600276.SH,20190228,41.1268,34.2856,42.0076,33.6564,33.7766,7.350200000000001,21.7612,314591891.0,20868873992.0
48,600276.SH,20190131,33.7766,30.4818,34.5831,28.4741,30.173,3.6036000000000037,11.9431,421798403.0,23478504295.0
49,600276.SH,20181228,30.173,38.3812,39.0332,28.537,37.4374,-7.264399999999998,-19.4041,505605751.0,28885648843.0
50,600276.SH,20181130,37.4374,35.6699,38.8102,35.2809,35.2237,2.213699999999996,6.2847,363556436.0,23355259409.0
51,600276.SH,20181031,35.2237,35.464,35.6127,30.7164,36.322,-1.0983000000000018,-3.0238,455613521.0,26472558092.0
52,600276.SH,20180928,36.322,37.26,38.0036,31.0195,37.8378,-1.5157999999999987,-4.006,444704352.0,27092193438.0
53,600276.SH,20180831,37.8378,39.9141,40.898,34.7776,39.3936,-1.5557999999999979,-3.9494,475091250.0,31726020575.0
54,600276.SH,20180731,39.3936,42.8999,44.3757,38.7129,43.3347,-3.9410999999999987,-9.0946,455434967.0,32732065950.0
55,600276.SH,20180629,43.3347,43.552,47.6418,41.5843,43.5463,-0.21160000000000423,-0.4859,464881190.0,36215989299.0
56,600276.SH,20180531,43.5463,48.0422,58.8416,40.2688,47.7505,-4.2042,-8.8045,313535175.0,27898727912.0
57,600276.SH,20180427,36.6813,38.2324,38.6191,35.0775,38.2324,-1.5510999999999981,-4.057,244751164.0,20499508826.0
58,600276.SH,20180330,38.2324,31.7688,39.2079,31.7249,31.8479,6.384499999999999,20.0468,271091624.0,22429065238.0
59,600276.SH,20180228,31.8479,33.4781,33.7901,29.0533,33.2584,-1.4105000000000025,-4.241,171452600.0,12223155144.0
60,600276.SH,20180131,33.2584,30.5033,34.6029,29.9673,30.31,2.948400000000003,9.7275,280099649.0,20726353423.0
61,600276.SH,20171229,30.31,28.9215,31.7688,28.2228,28.6446,1.6653999999999982,5.814,214072363.0,14659611461.0
62,600276.SH,20171130,28.6446,29.7036,33.7988,27.9065,29.541,-0.8963999999999999,-3.0344,449614736.0,31109185516.0
63,600276.SH,20171031,29.541,26.7157,29.7432,26.2895,26.3334,3.2075999999999993,12.1807,151140508.0,9693922664.0
64,600276.SH,20170929,26.3334,23.842,26.7904,23.842,23.7893,2.5441000000000003,10.6943,133713996.0,7777560507.0
65,600276.SH,20170831,23.7893,22.4886,24.4527,21.8735,22.4974,1.2919000000000018,5.7424,148222434.0,7883152355.0
66,600276.SH,20170731,22.4974,22.2997,22.5589,21.2715,22.2294,0.2680000000000007,1.2056,139165207.0,6930975602.0
67,600276.SH,20170630,22.2294,21.8295,22.7567,21.2978,21.8779,0.3514999999999979,1.6066,208782934.0,10492775694.0
68,600276.SH,20170531,21.8779,23.5652,26.5399,21.4648,23.5652,-1.6873000000000005,-7.1601,142175619.0,7938391551.0
69,600276.SH,20170428,19.5913,19.8068,20.8443,19.1347,19.847,-0.2557000000000009,-1.2884,125358272.0,6839988889.0
70,600276.SH,20170331,19.847,18.3894,19.9785,18.0643,18.4077,1.439300000000003,7.819,129893446.0,6741952882.0
71,600276.SH,20170228,18.4077,17.5018,18.8132,17.3228,17.4725,0.9351999999999983,5.3524,85101329.0,4186988171.0
72,600276.SH,20170126,17.4725,16.5848,17.7757,16.457,16.6214,0.8510999999999989,5.1205,89963581.0,4172861685.0
73,600276.SH,20161230,16.6214,17.078,17.5967,16.3291,17.1182,-0.49680000000000035,-2.9022,123498232.0,5736536674.0
74,600276.SH,20161130,17.1182,16.899,17.2095,16.362,16.8552,0.2630000000000017,1.5603,122503012.0,5635001536.0
75,600276.SH,20161031,16.8552,16.2122,17.3301,16.2049,16.0917,0.7635000000000005,4.7447,80933467.0,3742361518.0
76,600276.SH,20160930,16.0917,15.8323,16.3145,15.5255,15.8323,0.2593999999999994,1.6384,79051021.0,3448127327.0
77,600276.SH,20160831,15.8323,15.9638,16.7602,15.7045,15.9565,-0.12420000000000009,-0.7784,104730942.0,4639615764.0
78,600276.SH,20160729,15.9565,14.6414,16.2341,14.6414,14.6524,1.3041,8.9002,124570017.0,5282346376.0
79,600276.SH,20160630,14.6524,16.7346,17.2022,14.035,16.7821,-2.1296999999999997,-12.6903,109067768.0,4656171364.0
80,600276.SH,20160531,13.9563,14.2419,14.7097,13.4824,14.1811,-0.2248000000000001,-1.5852,102497387.0,4748793701.0
81,600276.SH,20160429,14.1811,14.3482,14.7492,13.9502,14.3482,-0.16709999999999958,-1.1646,102671559.0,4854745407.0
82,600276.SH,20160331,14.3482,13.5766,14.7948,13.3852,13.6616,0.6866000000000003,5.0258,149900864.0,7075506943.0
83,600276.SH,20160229,13.6616,13.3548,14.3908,13.2819,13.367,0.2945999999999991,2.2039,92774803.0,4237968037.0
84,600276.SH,20160129,13.367,14.9163,14.9163,12.6773,14.9224,-1.5553999999999988,-10.4233,137865062.0,6206758588.0
85,600276.SH,20151231,14.9224,14.9497,15.6819,14.6733,15.0318,-0.10940000000000083,-0.7278,154755975.0,7731547373.0
86,600276.SH,20151130,15.0318,15.7062,16.1923,14.6125,15.9644,-0.932599999999999,-5.8417,243540781.0,12431658717.0
87,600276.SH,20151030,15.9644,14.4302,16.4322,14.1264,14.0323,1.9321000000000002,13.7689,256383991.0,12625021866.0
88,600276.SH,20150930,14.0323,13.367,15.0318,12.5011,13.4885,0.5437999999999992,4.0316,247878240.0,11363687961.0
89,600276.SH,20150831,13.4885,13.5735,15.1897,11.6961,13.6495,-0.1609999999999996,-1.1795,320897414.0,14516969046.0
90,600276.SH,20150731,13.6495,13.5796,14.6824,10.4718,13.531,0.11849999999999916,0.8758,610359759.0,26585347236.0
91,600276.SH,20150630,13.531,19.2302,19.9289,11.5685,19.0631,-5.532099999999998,-29.0199,396311694.0,20318782300.0
92,600276.SH,20150529,14.6414,13.3347,15.885,12.7398,13.3021,1.3393000000000015,10.0683,304377200.0,18047300048.0
93,600276.SH,20150430,13.3021,10.7541,13.9251,10.7285,10.7565,2.5455999999999985,23.6657,289589374.0,15558016382.0
94,600276.SH,20150331,10.7565,9.4475,11.0318,9.2632,9.4171,1.3394000000000013,14.2231,252583134.0,10880894141.0
95,600276.SH,20150227,9.4171,9.4031,9.9351,9.3215,9.4988,-0.08169999999999966,-0.8601,79852216.0,3273542839.0
96,600276.SH,20150130,9.4988,8.7452,10.0331,8.6332,8.7452,0.7535999999999987,8.6173,181351501.0,7295468121.0
97,600276.SH,20141231,8.7452,8.2902,9.1978,8.2132,8.3228,0.42239999999999966,5.0752,302633046.0,11218895232.0
98,600276.SH,20141128,8.3228,9.0975,9.4241,8.2645,9.0882,-0.7653999999999996,-8.4219,181279532.0,6742369170.0
99,600276.SH,20141031,9.0882,8.6565,9.4358,8.5678,8.6495,0.43870000000000076,5.072,95869505.0,3719799632.0
100,600276.SH,20140930,8.6495,7.9098,8.9365,7.8142,7.8982,0.7512999999999996,9.5123,147397939.0,5234743348.0
101,600276.SH,20140829,7.8982,7.7068,8.1618,7.6765,7.7115,0.1867000000000001,2.4211,87008919.0,2949875571.0
102,600276.SH,20140731,7.7115,7.7535,7.8398,6.7805,7.7372,-0.025699999999999612,-0.3322,91020694.0,2949975951.0
103,600276.SH,20140630,7.7372,7.5225,7.9402,7.5132,7.5575,0.17969999999999953,2.3778,65791272.0,2181709752.0
104,600276.SH,20140530,7.5575,7.7698,8.0218,6.9905,7.7815,-0.2240000000000002,-2.8786,55031772.0,1785702332.0
105,600276.SH,20140430,7.0558,7.0643,7.4684,6.766,7.0833,-0.027500000000000746,-0.3882,84165619.0,2835443092.0
106,600276.SH,20140331,7.0833,7.6376,7.7794,6.9394,7.6397,-0.5564,-7.283,102382495.0,3544616520.0
107,600276.SH,20140228,7.6397,7.7857,8.2448,7.1298,7.9275,-0.28779999999999983,-3.6304,107440173.0,3970616772.0
108,600276.SH,20140130,7.9275,8.0375,8.3993,7.4684,8.0354,-0.107899999999999,-1.3428,108120152.0,4050679888.0
109,600276.SH,20131231,8.0354,7.0875,8.2427,6.895,7.1679,0.8674999999999988,12.1026,151698148.0,5527512878.0
110,600276.SH,20131129,7.1679,6.7638,7.4853,6.2709,6.7067,0.4612000000000007,6.8767,104565592.0,3368462204.0
111,600276.SH,20131031,6.7067,7.6334,7.7899,6.62,7.6947,-0.9880000000000004,-12.84,130719601.0,4347656280.0
112,600276.SH,20130930,7.6947,6.7554,7.7074,6.4973,6.7723,0.9223999999999997,13.6202,131166859.0,4359144944.0
113,600276.SH,20130830,6.7723,7.1108,7.7857,6.6834,7.077,-0.3046999999999995,-4.3055,153684362.0,5187801470.0
114,600276.SH,20130731,7.077,5.5008,7.7328,5.5008,5.5769,1.5000999999999998,26.8985,212715661.0,6815469868.0
115,600276.SH,20130628,5.5769,6.6284,6.7892,5.2236,6.6305,-1.0535999999999994,-15.8902,121035756.0,3402108976.0
116,600276.SH,20130531,6.0133,5.7773,6.2646,5.6391,5.8483,0.16500000000000004,2.8213,185862012.0,5729228010.0
117,600276.SH,20130426,5.8483,6.4431,6.4738,5.666,6.4488,-0.6005000000000003,-9.3118,152123954.0,4701006492.0
118,600276.SH,20130329,6.4488,6.3126,6.7539,6.0958,6.3222,0.1266000000000007,2.0025,99551966.0,3326584040.0
119,600276.SH,20130228,6.3222,6.2166,6.6484,5.9097,6.2646,0.057599999999999874,0.9195,82416191.0,2710888816.0
120,600276.SH,20130131,6.2646,5.7178,6.4258,5.4434,5.7753,0.48930000000000007,8.4723,132435457.0,4071234640.0
0,300347.SZ,20230131,116.3,104.2,127.39,101.01,104.8,11.5,10.9733,109260667.0,12461386244.4
1,300347.SZ,20221230,104.8,90.1,108.27,88.5,88.6,16.200000000000003,18.2844,123278767.0,11664079661.48
2,300347.SZ,20221130,88.6,83.82,101.53,82.7,83.35,5.25,6.2987,147032690.0,13758272525.27
3,300347.SZ,20221031,83.35,91.39,93.4,75.23,91.18,-7.8300000000000125,-8.5874,144346323.0,12244009423.23
4,300347.SZ,20220930,91.18,107.35,111.5,85.6,108.35,-17.169999999999987,-15.8468,130956804.0,12546369616.49
5,300347.SZ,20220831,108.35,102.1,111.45,97.6,101.99,6.359999999999999,6.2359,146064368.0,15170947504.32
6,300347.SZ,20220729,101.99,114.79,134.8,101.1,114.45,-12.460000000000008,-10.8869,157808065.0,18444656811.59
7,300347.SZ,20220630,114.45,85.97,117.3,81.07,85.92,28.53,33.2053,202477459.0,19527722438.44
8,300347.SZ,20220531,85.92,87.8,90.23,77.36,89.55,-3.6299999999999955,-4.0536,137553956.0,11604920015.42
9,300347.SZ,20220429,89.0131,105.3247,107.3525,82.5024,106.9549,-17.9418,-16.7751,128651842.0,12409671307.33
10,300347.SZ,20220331,106.9549,100.8815,108.5453,79.7291,101.1698,5.7851,5.7182,221067293.0,21014067449.69
11,300347.SZ,20220228,101.1698,104.3705,108.0284,87.4823,102.6508,-1.4810000000000088,-1.4428,156373788.0,15280669909.27
12,300347.SZ,20220128,102.6508,122.2625,126.7057,102.3824,127.0338,-24.382999999999996,-19.1941,127444802.0,14848161143.78
13,300347.SZ,20211231,127.0338,135.95,144.0113,116.7955,136.4569,-9.423099999999991,-6.9056,155060052.0,20280477609.97
14,300347.SZ,20211130,136.4569,169.6567,170.9687,134.7174,169.3783,-32.921400000000006,-19.4366,155320571.0,22530264631.28
15,300347.SZ,20211029,169.3783,170.3922,178.4934,156.2774,172.9568,-3.578499999999991,-2.069,95702063.0,15981317443.66
16,300347.SZ,20210930,172.9568,133.2662,178.9208,126.2385,133.2761,39.68069999999997,29.7733,129914053.0,20103031573.38
17,300347.SZ,20210831,133.2761,154.0707,178.4238,130.0058,156.6551,-23.37899999999999,-14.9239,186130370.0,28084568350.49
18,300347.SZ,20210730,156.6551,192.8269,208.1544,145.9994,192.141,-35.48589999999999,-18.4687,231987791.0,38860913941.94
19,300347.SZ,20210630,192.141,174.7758,198.6915,173.4538,173.6426,18.498400000000004,10.6531,105076756.0,19676512204.63
20,300347.SZ,20210531,173.647,150.8632,180.2063,143.8872,155.3089,18.338099999999997,11.8075,116895689.0,19305062967.52
21,300347.SZ,20210430,155.3089,148.8488,163.6246,130.0244,148.958,6.350899999999996,4.2636,132494966.0,19542780543.27
22,300347.SZ,20210331,148.958,142.8949,150.8335,119.476,139.5011,9.45689999999999,6.7791,211150615.0,28333832382.23
23,300347.SZ,20210226,139.5011,166.5817,192.5112,137.0798,166.1054,-26.604299999999995,-16.0165,118571962.0,20194411654.2
24,300347.SZ,20210129,166.1054,158.7522,191.7173,154.5646,160.3697,5.7357000000000085,3.5765,153886456.0,26221045843.72
25,300347.SZ,20201231,160.3697,112.5396,168.1793,112.5396,113.1251,47.24459999999999,41.7631,134323185.0,19076658883.96
26,300347.SZ,20201130,113.1251,121.5599,129.7863,109.9596,123.0484,-9.923299999999998,-8.0646,115089854.0,13901642237.12
27,300347.SZ,20201030,123.0484,103.1026,129.4985,102.4179,102.1599,20.888500000000008,20.4469,90818401.0,10627216288.0
28,300347.SZ,20200930,102.1599,111.1405,114.1174,95.0251,111.1405,-8.98060000000001,-8.0804,123741102.0,12742428418.9
29,300347.SZ,20200831,111.1405,106.8735,116.757,97.4364,106.8735,4.266999999999996,3.9926,166633178.0,17703015969.3
30,300347.SZ,20200731,106.8735,101.2668,117.789,92.5046,101.0981,5.775400000000005,5.7127,242351285.0,25584919506.09
31,300347.SZ,20200630,101.0981,85.5385,106.0598,80.5768,84.1988,16.899299999999997,20.0707,167551704.0,14734029742.04
32,300347.SZ,20200529,84.1988,75.6351,85.2408,75.0793,76.4091,7.7897000000000105,10.1947,132135653.0,10660127556.57
33,300347.SZ,20200430,76.1444,63.8129,78.8638,61.9835,63.3383,12.806100000000008,20.2186,162491259.0,12000147350.22
34,300347.SZ,20200331,63.3383,76.1543,82.4634,62.1813,75.6499,-12.311600000000006,-16.2744,189154772.0,13491185603.67
35,300347.SZ,20200228,75.6499,65.3853,84.0654,65.1974,72.4459,3.2040000000000077,4.4226,173959916.0,13451423069.86
36,300347.SZ,20200123,72.4459,63.0416,76.6289,60.5002,62.4483,9.997599999999991,16.0094,123855673.0,8534688530.74
37,300347.SZ,20191231,62.4483,61.9439,65.5336,58.3444,62.1022,0.34609999999999985,0.5573,140090271.0,8829822674.05
38,300347.SZ,20191129,62.1022,68.0355,69.9144,59.4717,67.5411,-5.438899999999997,-8.0527,143923501.0,9560310395.25
39,300347.SZ,20191031,67.5411,61.3902,69.8649,60.5892,61.3605,6.180599999999998,10.0726,121763013.0,8080618889.41
40,300347.SZ,20190930,61.3605,60.2233,65.0688,57.4247,60.3222,1.0382999999999996,1.7213,113134296.0,6909992221.84
41,300347.SZ,20190830,60.3222,49.6521,63.1207,47.2787,49.4938,10.828400000000002,21.8783,118554206.0,6725022242.92
42,300347.SZ,20190731,49.4938,51.4222,54.7844,48.7423,50.6311,-1.1373000000000033,-2.2462,113154361.0,5927840767.26
43,300347.SZ,20190628,50.6337,43.6921,51.3561,38.215,43.6921,6.941599999999994,15.8875,92398126.0,6086580838.7
44,300347.SZ,20190531,43.6921,42.5559,46.956,39.246,43.6067,0.08540000000000703,0.1958,77072875.0,5145701632.48
45,300347.SZ,20190430,43.6067,43.6986,46.2993,40.1983,43.541,0.06569999999999965,0.1509,101351339.0,6617378174.73
46,300347.SZ,20190329,43.541,37.8932,43.6527,35.9558,36.9409,6.600099999999998,17.8666,122042718.0,7543477183.06
47,300347.SZ,20190228,36.9409,28.6333,37.2299,28.3246,28.5676,8.3733,29.3105,70507368.0,3515458095.15
48,300347.SZ,20190131,28.5676,28.3969,29.3885,24.0625,28.0751,0.4924999999999997,1.7542,100283542.0,4070761993.3
49,300347.SZ,20181228,28.0751,33.1647,34.2089,27.3855,31.9235,-3.8484000000000016,-12.0551,90158655.0,4181762657.52
50,300347.SZ,20181130,31.9235,28.2393,32.902,27.9109,27.9831,3.9404000000000003,14.0814,70131523.0,3253335906.95
51,300347.SZ,20181031,27.9831,34.5044,35.0824,25.284,35.2794,-7.296300000000002,-20.6815,106886405.0,4704598911.44
52,300347.SZ,20180928,35.2794,35.5552,36.0937,29.2244,35.4042,-0.12480000000000047,-0.3525,83007664.0,4195092676.07
53,300347.SZ,20180831,35.4042,39.6138,40.3887,30.3211,39.4168,-4.012599999999999,-10.1799,121524689.0,6576068233.87
54,300347.SZ,20180731,39.4168,41.3738,45.9446,35.6603,40.6317,-1.2149,-2.99,137601923.0,8541078854.52
55,300347.SZ,20180629,40.6317,37.1051,44.9858,34.0513,37.5254,3.1063000000000045,8.2779,136584834.0,8243267848.64
56,300347.SZ,20180531,37.5254,39.4036,41.7022,32.8364,39.5547,-2.029299999999999,-5.1304,168957364.0,9291202189.95
57,300347.SZ,20180427,39.4054,35.4603,40.1447,32.0647,35.1397,4.2657000000000025,12.1393,89883555.0,4844609049.26
58,300347.SZ,20180330,35.1397,25.3783,36.5071,25.2671,25.6989,9.4408,36.7362,113742706.0,5397055694.15
59,300347.SZ,20180228,25.6989,24.5343,26.1569,21.8192,24.8091,0.8897999999999975,3.5866,57943184.0,2107078796.97
60,300347.SZ,20180131,24.8091,23.3436,25.2867,21.5248,23.0165,1.7926000000000002,7.7883,64080242.0,2275857203.14
61,300347.SZ,20171229,23.0165,19.863,23.1604,18.8685,19.9415,3.0749999999999993,15.4201,57248337.0,1852289596.95
62,300347.SZ,20171130,19.9415,20.792,22.8987,19.3134,20.7724,-0.8308999999999997,-4.0,81420972.0,2623368967.72
63,300347.SZ,20171031,20.7724,19.0386,21.5052,19.0386,18.9536,1.8187999999999995,9.5961,58738441.0,1847963012.68
64,300347.SZ,20170929,18.9536,17.5208,19.5948,17.0628,17.4226,1.5310000000000024,8.7874,52589108.0,1462291291.15
65,300347.SZ,20170831,17.3609,16.8785,18.241,16.4091,16.9567,0.40419999999999945,2.3837,43200179.0,1159772624.1
66,300347.SZ,20170731,16.9567,16.3178,17.5109,15.7767,15.7767,1.1800000000000015,7.4794,56071817.0,1451547572.45
67,300347.SZ,20170630,15.7767,15.8289,16.2983,13.8861,15.8289,-0.05220000000000091,-0.3298,38556401.0,910228086.73
68,300347.SZ,20170531,15.8289,16.5721,17.1719,15.7311,16.5721,-0.7431999999999981,-4.4846,28400199.0,723267829.99
69,300347.SZ,20170428,16.5721,16.6829,17.048,15.4638,16.7285,-0.15640000000000143,-0.9349,31335700.0,788122057.14
70,300347.SZ,20170331,16.7285,16.3178,18.2215,16.3178,16.3569,0.3716000000000008,2.2718,61872549.0,1655338185.92
71,300347.SZ,20170228,16.3569,15.5355,16.8654,15.3334,15.4964,0.8605,5.5529,45926111.0,1144999285.67
72,300347.SZ,20170126,15.4964,17.6673,17.6999,15.3204,17.6086,-2.1121999999999996,-11.9953,35402993.0,882171773.38
73,300347.SZ,20161230,17.6086,18.9255,19.0755,16.3048,18.919,-1.3104000000000013,-6.9264,50193445.0,1352822459.03
74,300347.SZ,20161130,18.919,19.8187,20.4706,18.6778,19.9426,-1.0235999999999983,-5.1327,54159154.0,1625434895.79
75,300347.SZ,20161031,19.9426,20.927,21.781,19.6883,20.927,-0.9844000000000008,-4.704,33430461.0,1070998679.11
76,300347.SZ,20160930,20.927,22.4525,22.5829,20.3924,22.635,-1.708000000000002,-7.5458,43121476.0,1402535432.27
77,300347.SZ,20160831,22.635,20.3142,22.9154,19.7535,20.2164,2.4186000000000014,11.9636,98553869.0,3209267371.8
78,300347.SZ,20160729,20.2164,19.0103,21.5072,18.0063,18.919,1.2973999999999997,6.8577,111391626.0,3324763304.63
79,300347.SZ,20160630,18.919,19.5123,20.2098,17.9346,19.5123,-0.5932999999999993,-3.0406,79814157.0,2313725969.52
80,300347.SZ,20160531,19.5123,19.3754,21.1747,18.2541,19.3297,0.18260000000000076,0.9447,85329490.0,2585769035.55
81,300347.SZ,20160429,19.2657,17.8622,20.1169,16.9266,17.8297,1.436,8.054,91489805.0,2625021640.18
82,300347.SZ,20160331,17.8297,19.4932,19.5581,16.5692,18.5835,-0.7538000000000018,-4.0563,38358526.0,1059309838.59
83,300347.SZ,20160229,18.5835,16.5237,18.6809,16.2573,16.4912,2.0923000000000016,12.6874,22966890.0,621189657.51
84,300347.SZ,20160129,16.4912,19.974,20.0195,14.23,19.974,-3.482800000000001,-17.4367,104995607.0,2690768391.43
85,300347.SZ,20151231,19.974,21.41,22.1442,18.2781,21.4425,-1.4684999999999988,-6.8485,148378050.0,4612560984.43
86,300347.SZ,20151130,21.4425,21.8518,26.4912,20.3379,22.2027,-0.7602000000000011,-3.4239,146508325.0,5304886722.79
87,300347.SZ,20151030,22.2027,21.9623,25.3411,20.9227,21.0201,1.1826000000000008,5.626,122454178.0,4355341896.4
88,300347.SZ,20150930,21.0201,18.2001,22.0923,14.8798,18.3301,2.6899999999999977,14.6753,140059301.0,3921374594.71
89,300347.SZ,20150831,18.3301,21.4945,27.076,16.4392,22.1052,-3.7750999999999983,-17.0779,209569058.0,7162485823.64
90,300347.SZ,20150731,22.1052,22.7745,33.7557,19.5776,22.1702,-0.06500000000000128,-0.2932,359244887.0,14369462044.19
91,300347.SZ,20150630,22.1702,31.9883,40.2859,18.1416,31.436,-9.265799999999999,-29.4751,209588187.0,9893643674.46
92,300347.SZ,20150529,31.436,53.9571,71.3905,29.7596,54.7498,-23.3138,-42.5824,144243731.0,9258156952.86
93,300347.SZ,20150430,27.321,17.6325,30.9655,17.4056,17.665,9.656000000000002,54.6618,90467790.0,7068640141.85
94,300347.SZ,20150331,17.665,14.1728,18.9717,13.667,14.1728,3.4921999999999986,24.6402,82793108.0,4214524470.69
95,300347.SZ,20150227,14.1728,12.4511,15.2331,12.1917,12.4932,1.6796000000000006,13.4441,47224725.0,1950202582.48
96,300347.SZ,20150130,12.4932,10.778,12.9699,10.778,9.7987,2.6944999999999997,27.4985,34388147.0,1312600724.43
97,300347.SZ,20141231,9.7987,11.2514,11.2676,9.4194,11.2514,-1.4527,-12.9113,28224989.0,905008836.96
98,300347.SZ,20141128,11.2514,12.3116,12.4381,10.6029,12.3116,-1.0602,-8.6114,45679996.0,1587834053.14
99,300347.SZ,20141031,12.3116,11.0309,12.8337,11.0276,11.0536,1.258000000000001,11.3809,54022292.0,1997078967.3
100,300347.SZ,20140930,11.0536,10.3921,11.394,10.3143,10.3921,0.6615000000000002,6.3654,53358374.0,1773154357.87
101,300347.SZ,20140829,10.3921,10.0679,10.8169,9.4939,10.0549,0.3371999999999993,3.3536,51354891.0,1591236016.24
102,300347.SZ,20140731,10.0549,10.8136,12.0652,9.2118,10.8623,-0.8073999999999995,-7.433,45263442.0,1466807312.07
103,300347.SZ,20140630,10.8623,10.3889,11.2449,9.6236,10.337,0.5252999999999997,5.0817,29637594.0,949316780.0
104,300347.SZ,20140530,10.337,11.0568,11.6956,8.6087,10.6353,-0.2983000000000011,-2.8048,52056138.0,1609418136.0
105,300347.SZ,20140130,10.6352,10.2516,11.3121,9.9341,10.25,0.3851999999999993,3.758,7309283.0,483929542.0
106,300347.SZ,20131231,10.25,9.9922,10.3628,8.7834,10.6932,-0.44319999999999915,-4.1447,18639579.0,1112733498.0
107,300347.SZ,20131129,10.6932,9.1058,10.7577,9.0977,9.2347,1.458499999999999,15.7937,16007236.0,983406026.0
108,300347.SZ,20131031,9.2347,10.1533,10.7658,8.8237,10.2742,-1.0395000000000003,-10.1176,17278744.0,1055440196.0
109,300347.SZ,20130930,10.2742,8.1388,10.553,8.0437,8.1984,2.075800000000001,25.3196,30119504.0,1704746388.0
110,300347.SZ,20130830,8.1984,9.4926,10.2581,8.0437,9.5377,-1.3392999999999997,-14.0422,34181344.0,1927055108.0
111,300347.SZ,20130731,9.5377,8.1227,10.9398,8.0582,8.1243,1.4133999999999993,17.3972,44480540.0,2621091776.0
112,300347.SZ,20130628,8.1243,8.2178,9.1187,7.0912,8.2194,-0.0951000000000004,-1.157,40784176.0,2069869760.0
113,300347.SZ,20130531,8.2194,8.2516,9.7311,8.026,8.0985,0.12090000000000067,1.4929,65563651.0,3512012600.0
114,300347.SZ,20130426,8.0982,6.6648,8.7697,6.1564,6.6032,1.495,22.6405,22650249.0,2085789876.0
115,300347.SZ,20130329,6.6032,5.1819,6.7232,5.1579,5.1883,1.4149000000000003,27.271,20020284.0,1474650928.0
116,300347.SZ,20130228,5.1883,4.6367,5.3434,4.6135,4.6574,0.5308999999999999,11.3991,13217075.0,824502332.0
117,300347.SZ,20130131,4.6574,4.6095,5.1155,4.5167,4.5527,0.10470000000000024,2.2997,22760082.0,1360710428.0
0,300016.SZ,20230131,6.64,6.59,6.75,6.37,6.52,0.1200000000000001,1.8405,49834481.0,328174345.86
1,300016.SZ,20221230,6.52,7.16,7.64,6.42,7.1,-0.5800000000000001,-8.169,105008344.0,751876756.96
2,300016.SZ,20221130,7.1,6.93,7.7,6.82,6.91,0.1899999999999995,2.7496,120760964.0,875707693.04
3,300016.SZ,20221031,6.91,6.49,7.36,6.07,6.43,0.4800000000000004,7.465,81729761.0,554354273.91
4,300016.SZ,20220930,6.43,6.69,6.84,6.06,6.67,-0.2400000000000002,-3.5982,38664431.0,252340069.92
5,300016.SZ,20220831,6.67,7.46,7.46,6.58,7.47,-0.7999999999999998,-10.7095,66383657.0,471046541.99
6,300016.SZ,20220729,7.47,7.53,7.75,7.11,7.57,-0.10000000000000053,-1.321,72774135.0,543610904.9
7,300016.SZ,20220630,7.57,7.26,7.61,7.04,7.25,0.3200000000000003,4.4138,67674940.0,497201441.36
8,300016.SZ,20220531,7.25,6.7,8.29,6.62,6.69,0.5599999999999996,8.3707,100302867.0,733166314.07
9,300016.SZ,20220429,6.6897,8.6097,9.0796,6.2497,8.7796,-2.0899,-23.804,190894082.0,1532846952.33
10,300016.SZ,20220331,8.6846,8.1505,9.0506,7.3987,8.1406,0.5440000000000005,6.6826,267936813.0,2309685832.98
11,300016.SZ,20220228,8.1406,7.9724,8.2989,7.8241,7.8537,0.28689999999999927,3.6531,72288532.0,588109881.94
12,300016.SZ,20220128,7.8537,9.1001,9.8419,7.7153,9.0803,-1.2265999999999995,-13.5084,293605577.0,2685758023.75
13,300016.SZ,20211231,9.0803,8.1109,9.1495,7.6757,8.2098,0.8704999999999998,10.6032,183145653.0,1547500843.48
14,300016.SZ,20211130,8.2098,7.2009,8.289,7.0525,7.2009,1.0088999999999997,14.0107,92968221.0,717784948.85
15,300016.SZ,20211029,7.2009,8.7637,9.2583,6.9932,8.7637,-1.5628000000000002,-17.8327,75230023.0,635856159.3
16,300016.SZ,20210930,8.7637,8.4373,9.8221,8.3483,8.4274,0.3362999999999996,3.9906,195494747.0,1827528527.59
17,300016.SZ,20210831,8.4274,8.3087,9.011,8.3087,8.4175,0.00990000000000002,0.1176,128734542.0,1131903879.52
18,300016.SZ,20210730,8.4175,8.9121,9.3078,7.9329,8.9616,-0.5441000000000003,-6.0715,112259041.0,987318514.58
19,300016.SZ,20210630,8.9616,9.6342,10.4453,8.7736,9.6342,-0.6725999999999992,-6.9814,197163607.0,1941688581.49
20,300016.SZ,20210531,9.6342,9.1001,10.2178,8.8033,9.3671,0.2670999999999992,2.8515,180333706.0,1760833835.09
21,300016.SZ,20210430,9.3671,8.9022,9.3869,8.4274,8.9121,0.45500000000000007,5.1054,100221583.0,911759873.58
22,300016.SZ,20210331,8.8529,8.3223,9.6684,8.1553,8.2928,0.5601000000000003,6.7541,144324132.0,1307887718.88
23,300016.SZ,20210226,8.2928,8.3813,8.6859,7.8114,8.342,-0.0492000000000008,-0.5898,60604939.0,509691105.76
24,300016.SZ,20210129,8.342,9.3638,9.639,8.283,9.3933,-1.0512999999999995,-11.192,114708920.0,1036941099.45
25,300016.SZ,20201231,9.3933,10.8868,11.555,9.0887,10.8868,-1.4934999999999992,-13.7184,146946052.0,1533385318.51
26,300016.SZ,20201130,10.8868,10.8279,11.6139,10.71,10.8475,0.039299999999999,0.3623,109648497.0,1249427944.34
27,300016.SZ,20201030,10.8475,11.7023,12.174,10.651,11.5255,-0.677999999999999,-5.8826,118544829.0,1369248941.52
28,300016.SZ,20200930,11.5255,12.4884,13.5103,11.3977,12.5866,-1.0611000000000015,-8.4304,302518943.0,3852790693.71
29,300016.SZ,20200831,12.5866,13.1467,13.6282,11.6139,13.4906,-0.9039999999999999,-6.701,374376102.0,4767526355.26
30,300016.SZ,20200731,13.4906,12.0757,13.8345,10.3366,11.948,1.5426000000000002,12.9109,686678345.0,8443497927.08
31,300016.SZ,20200630,11.948,8.7055,13.2057,8.6564,8.6269,3.3211000000000013,38.497,602302859.0,6979037487.04
32,300016.SZ,20200529,8.5704,8.4923,9.2049,8.3459,8.5802,-0.009800000000000253,-0.1142,105107193.0,943688847.13
33,300016.SZ,20200430,8.5802,8.4923,9.8101,8.2092,8.424,0.15620000000000012,1.8542,225553000.0,2088432728.6
34,300016.SZ,20200331,8.424,10.22,11.4109,8.1604,10.1517,-1.7277000000000005,-17.0188,354972078.0,3578780773.09
35,300016.SZ,20200228,10.1517,8.9608,11.0009,8.4825,9.4196,0.7320999999999991,7.7721,434317934.0,4409616251.58
36,300016.SZ,20200123,9.4196,8.8047,10.0931,8.5997,8.7754,0.6442000000000014,7.341,189625422.0,1787578415.72
37,300016.SZ,20191231,8.7754,7.9554,8.8535,7.7309,7.8871,0.8882999999999992,11.2627,151349954.0,1285696545.81
38,300016.SZ,20191129,7.8871,8.4435,9.2439,7.809,8.4337,-0.5465999999999998,-6.4811,145810560.0,1263292403.42
39,300016.SZ,20191031,8.4337,8.7559,9.078,8.4045,8.6094,-0.17570000000000086,-2.0408,114229774.0,1025985655.51
40,300016.SZ,20190930,8.6094,8.668,9.6929,8.424,8.7168,-0.10739999999999839,-1.2321,165737893.0,1557855384.46
41,300016.SZ,20190830,8.7168,8.9608,9.322,7.7114,8.9999,-0.283100000000001,-3.1456,169053737.0,1495693458.17
42,300016.SZ,20190731,8.9999,8.5899,9.4099,8.3361,8.4728,0.5271000000000008,6.2211,161332955.0,1468143241.19
43,300016.SZ,20190628,8.4728,8.629,9.0975,8.1995,8.629,-0.15620000000000012,-1.8102,96671025.0,857922846.44
44,300016.SZ,20190531,8.629,8.7949,9.2146,8.2483,9.1658,-0.5368000000000013,-5.8566,155744515.0,1405716661.05
45,300016.SZ,20190430,9.1658,9.9565,10.6203,8.629,9.8882,-0.7223999999999986,-7.3057,390974928.0,3940391813.99
46,300016.SZ,20190329,9.7944,8.6052,11.5541,8.3151,8.2668,1.5275999999999996,18.4787,737208860.0,7758508292.81
47,300016.SZ,20190228,8.2668,6.0139,8.2668,5.9656,5.9656,2.3011999999999997,38.5745,163550630.0,1225100059.66
48,300016.SZ,20190131,5.9656,6.7681,6.8551,5.8592,6.7681,-0.8024999999999993,-11.8571,120227257.0,810304865.52
49,300016.SZ,20181228,6.7681,7.3579,7.6866,6.5747,7.1355,-0.36740000000000084,-5.1489,134228063.0,985386858.97
50,300016.SZ,20181130,7.1355,6.2653,8.7985,6.159,6.2363,0.8992000000000004,14.4188,361634355.0,2767968194.67
51,300016.SZ,20181031,6.2363,6.6424,6.6424,5.5015,6.7391,-0.5027999999999997,-7.4609,132847326.0,827552572.29
52,300016.SZ,20180928,6.7391,12.3276,12.6274,6.4297,12.2986,-5.559500000000001,-45.2043,186737055.0,1444653732.92
53,300016.SZ,20180831,8.2025,7.1514,8.9505,6.642,7.1707,1.0318000000000005,14.3891,264976734.0,3267979599.16
54,300016.SZ,20180731,7.1707,7.3513,8.2347,6.8999,7.3835,-0.21279999999999966,-2.8821,152948844.0,1776819399.8
55,300016.SZ,20180629,7.3835,10.2402,10.2983,6.8032,10.266,-2.8825000000000003,-28.0781,173820728.0,2209206887.54
56,300016.SZ,20180531,10.266,9.2149,11.3365,8.7248,8.3766,1.8894000000000002,22.5557,281891636.0,4380850003.26
57,300016.SZ,20180330,8.3762,7.6498,9.1797,7.5662,7.7141,0.6621000000000006,8.583,92967170.0,1208850182.6
58,300016.SZ,20180228,7.7141,8.434,8.5047,6.9169,8.4405,-0.7263999999999999,-8.6061,51583426.0,607096164.93
59,300016.SZ,20180131,8.4405,8.8069,9.4947,8.2926,8.8005,-0.35999999999999943,-4.0907,126530026.0,1754364842.35
60,300016.SZ,20171229,8.8005,8.434,9.6104,7.9133,8.4212,0.37929999999999886,4.5041,141697600.0,1946109942.92
61,300016.SZ,20171130,8.4212,9.0254,9.3726,8.3569,8.9997,-0.5785,-6.428,54315413.0,750918035.31
62,300016.SZ,20171031,8.9997,9.4754,10.1376,8.8712,9.3854,-0.38569999999999993,-4.1096,64826267.0,963324226.7
63,300016.SZ,20170929,9.3854,9.334,9.8804,9.199,9.3083,0.0771000000000015,0.8283,83463569.0,1234748500.13
64,300016.SZ,20170831,9.3083,9.0383,9.4497,8.6783,9.0576,0.25069999999999837,2.7678,85837542.0,1210827205.27
65,300016.SZ,20170731,9.0576,9.8354,10.1568,8.4983,9.7969,-0.7393000000000001,-7.5463,88478109.0,1291147814.12
66,300016.SZ,20170630,9.7969,9.4369,10.2211,9.0383,9.514,0.2829000000000015,2.9735,85104366.0,1282018768.21
67,300016.SZ,20170531,9.514,9.6747,10.2147,8.9419,9.6554,-0.14140000000000086,-1.4645,70887842.0,1053442222.27
68,300016.SZ,20170428,9.6554,10.5425,10.8897,9.0126,10.5361,-0.8806999999999992,-8.3589,65158859.0,1012572908.13
69,300016.SZ,20170331,10.5361,11.6354,12.2782,10.3754,11.4168,-0.8807000000000009,-7.7141,104104571.0,1871698395.83
70,300016.SZ,20170228,11.4097,11.0499,11.8658,10.6709,11.037,0.37270000000000003,3.3768,73499073.0,1279771295.41
71,300016.SZ,20170126,11.037,11.9686,12.232,10.0027,11.8658,-0.8287999999999993,-6.9848,62250861.0,1086826572.49
72,300016.SZ,20161230,11.8658,14.0501,14.185,11.7437,14.1336,-2.2677999999999994,-16.0455,132507623.0,2663310385.01
73,300016.SZ,20161130,14.1336,12.8487,14.3199,12.6881,12.8487,1.2849000000000004,10.0002,165703890.0,3451884621.08
74,300016.SZ,20161031,12.8487,13.1057,13.4719,12.7845,13.1121,-0.26340000000000074,-2.0088,78989659.0,1606464015.14
75,300016.SZ,20160930,13.1121,13.2727,13.4141,12.4376,13.2663,-0.15419999999999945,-1.1623,89359383.0,1792228692.5
76,300016.SZ,20160831,13.2663,12.656,13.6775,12.4119,12.7909,0.4753999999999987,3.7167,138628777.0,2831017538.27
77,300016.SZ,20160729,12.7909,14.6154,15.2707,12.1806,14.6797,-1.8887999999999998,-12.8667,188717395.0,4210420976.64
78,300016.SZ,20160630,14.6797,13.671,14.9687,12.3283,13.3884,1.2912999999999997,9.6449,226520655.0,4842040245.6
79,300016.SZ,20160531,13.3772,13.5762,14.6674,12.0035,14.2502,-0.8729999999999993,-6.1262,220469895.0,4504699442.63
80,300016.SZ,20160429,14.2502,14.8086,17.6266,13.8971,14.9498,-0.6996000000000002,-4.6797,377940108.0,9261016155.26
81,300016.SZ,20160331,14.9498,13.8971,16.4519,12.4528,13.8907,1.059099999999999,7.6245,307640217.0,7022766751.91
82,300016.SZ,20160229,13.8907,15.2515,18.5958,13.8907,15.4505,-1.5597999999999992,-10.0955,169248108.0,4448282336.02
83,300016.SZ,20160129,15.4505,22.4665,22.4665,14.2181,22.7938,-7.343300000000001,-32.2162,267995031.0,7234415470.65
84,300016.SZ,20151231,22.7938,26.9598,27.73,22.4344,25.6695,-2.8756999999999984,-11.2028,152824026.0,5864360115.06
85,300016.SZ,20151130,25.6695,18.8462,28.327,17.7549,19.8347,5.834799999999998,29.4171,149353097.0,5195194110.42
86,300016.SZ,20151030,19.8347,17.9732,22.8324,17.2157,17.1708,2.6639000000000017,15.5141,269634874.0,8365580510.09
87,300016.SZ,20150930,17.1708,13.4157,19.257,11.2653,13.589,3.5817999999999994,26.3581,250727988.0,6242777491.69
88,300016.SZ,20150831,13.589,17.6522,22.1455,11.8109,18.3262,-4.7372,-25.8493,212747491.0,5891736730.97
89,300016.SZ,20150731,18.3262,26.8635,28.526,17.9924,27.4155,-9.089300000000001,-33.1539,121677528.0,4365872042.36
90,300016.SZ,20150630,27.4155,37.872,42.7376,22.6205,36.9606,-9.545099999999998,-25.8251,136446839.0,7138533350.85
91,300016.SZ,20150529,36.9606,21.908,40.5038,19.7705,21.9144,15.046199999999999,68.659,220315124.0,10354730311.95
92,300016.SZ,20150430,21.8915,16.4219,24.3539,16.3577,16.159,5.732500000000002,35.4756,233318339.0,7399749148.88
93,300016.SZ,20150331,16.159,12.6066,17.9416,12.1833,12.6963,3.462699999999998,27.2733,181249522.0,4544627437.06
94,300016.SZ,20150227,12.6963,10.2276,13.5812,10.016,10.2532,2.443100000000001,23.8277,51893362.0,939192318.0
95,300016.SZ,20150130,10.2532,9.5222,11.6447,8.8554,9.5222,0.7309999999999999,7.6768,83376521.0,1354442338.57
96,300016.SZ,20141231,9.5222,10.9201,11.7217,9.0349,10.9009,-1.3787000000000003,-12.6476,79570251.0,1286054613.24
97,300016.SZ,20141128,10.9009,11.0933,11.6062,9.7146,11.1253,-0.22439999999999927,-2.017,64678922.0,1065722304.34
98,300016.SZ,20141031,11.1253,11.0163,12.0679,9.9775,10.9714,0.15390000000000015,1.4027,90849174.0,1566146953.64
99,300016.SZ,20140930,10.9714,10.7213,11.7922,10.7213,9.7467,1.2246999999999986,12.5653,32915945.0,580987983.34
100,300016.SZ,20140829,9.7467,8.8554,10.1122,8.5283,8.9772,0.7695000000000007,8.5717,82980123.0,1198800215.51
101,300016.SZ,20140731,8.9772,8.0154,9.1888,7.8871,7.9769,1.0003000000000002,12.54,96392171.0,1278998242.77
102,300016.SZ,20140630,7.9769,6.284,8.2975,5.8544,6.3097,1.6671999999999993,26.4228,89118048.0,952790322.0
103,300016.SZ,20140530,6.3097,5.957,6.393,5.521,5.957,0.35270000000000046,5.9208,44651397.0,414797521.0
104,300016.SZ,20140430,5.891,5.9354,6.6963,5.4281,5.9924,-0.10139999999999993,-1.6921,84431614.0,831506604.0
105,300016.SZ,20140331,5.9924,6.8548,8.2309,5.9607,6.8802,-0.8878000000000004,-12.9037,170579380.0,1941679112.0
106,300016.SZ,20140228,6.8802,6.8548,7.7236,6.2144,6.8485,0.03170000000000073,0.4629,159485028.0,1718045104.0
107,300016.SZ,20140130,6.8485,5.2505,7.0641,5.1364,5.2188,1.6296999999999997,31.2275,209080866.0,1906184540.0
108,300016.SZ,20131231,5.2188,4.7559,5.4471,4.534,5.0349,0.1838999999999995,3.6525,99757948.0,783621736.0
109,300016.SZ,20131129,5.0349,4.5149,5.1237,4.312,4.5276,0.5073000000000008,11.2046,71938131.0,541564202.0
110,300016.SZ,20131031,4.5276,5.092,5.3773,4.3184,5.13,-0.6024000000000003,-11.7427,84774273.0,677978843.0
111,300016.SZ,20130930,5.13,4.8257,5.2315,4.7622,4.8637,0.2663000000000002,5.4753,78507038.0,622855907.0
112,300016.SZ,20130830,4.8637,5.39,5.6881,4.8257,5.5168,-0.6531000000000002,-11.8384,168632430.0,1403777984.0
113,300016.SZ,20130731,5.5168,4.3184,5.8085,4.1915,4.3437,1.1730999999999998,27.0069,112285637.0,860483472.0
114,300016.SZ,20130628,4.3437,5.3139,5.4217,3.9696,5.3203,-0.9765999999999995,-18.3561,56833251.0,427670592.0
115,300016.SZ,20130531,5.3203,4.7559,5.5866,4.7052,4.7622,0.5580999999999996,11.7194,130218565.0,1050586385.0
116,300016.SZ,20130426,4.7622,11.1922,11.4522,4.7432,11.1986,-6.436400000000001,-57.475,59545848.0,626396903.0
117,300016.SZ,20130329,5.533,5.3794,6.2316,5.2009,5.3763,0.15670000000000073,2.9146,66401969.0,1188575250.0
118,300016.SZ,20130228,5.3763,4.9064,5.7053,4.5774,4.9158,0.4604999999999997,9.3678,29968073.0,498346607.0
119,300016.SZ,20130131,4.9158,4.6964,5.1789,4.2891,4.6682,0.24760000000000026,5.304,27891230.0,422171191.0
0,300485.SZ,20230131,12.11,12.07,12.58,11.72,11.98,0.129999999999999,1.0851,116658825.0,1414688891.89
1,300485.SZ,20221230,11.98,12.95,16.87,11.95,12.85,-0.8699999999999992,-6.7704,546893727.0,7835263447.36
2,300485.SZ,20221130,12.85,11.84,13.66,11.6,11.77,1.08,9.1759,262839396.0,3326255904.43
3,300485.SZ,20221031,11.77,10.97,12.12,10.51,10.91,0.8599999999999994,7.8827,88735635.0,1030402490.53
4,300485.SZ,20220930,10.91,12.15,12.42,10.5,12.15,-1.2400000000000002,-10.2058,73208355.0,845441006.97
5,300485.SZ,20220831,12.15,12.21,12.43,11.51,12.35,-0.1999999999999993,-1.6194,104898789.0,1264215203.41
6,300485.SZ,20220729,12.35,12.31,13.27,11.7,12.35,0.0,0.0,200994114.0,2517176859.11
7,300485.SZ,20220630,12.35,11.59,12.5,11.33,11.57,0.7799999999999994,6.7416,157177281.0,1889695913.55
8,300485.SZ,20220531,11.57,12.61,13.73,11.3,12.88,-1.3100000000000005,-10.1708,215172491.0,2760830586.02
9,300485.SZ,20220429,12.6909,15.0754,15.4203,10.6513,15.2626,-2.5717000000000017,-16.8497,243168386.0,3156808401.55
10,300485.SZ,20220331,15.2626,14.4842,17.4895,13.1048,14.6616,0.6010000000000009,4.0991,616933093.0,9829507235.99
11,300485.SZ,20220228,14.6616,13.4792,15.6469,12.4151,13.5482,1.1134000000000004,8.2181,342267214.0,4791244219.57
12,300485.SZ,20220128,13.5482,13.7255,18.4748,12.3855,12.9964,0.5518000000000001,4.2458,586815512.0,8829815587.72
13,300485.SZ,20211231,12.9964,12.7796,13.0654,11.6761,12.9274,0.06899999999999906,0.5338,167101776.0,2085128703.32
14,300485.SZ,20211130,12.9274,10.8287,13.4792,10.6612,10.8287,2.098700000000001,19.3809,143755199.0,1755653045.06
15,300485.SZ,20211029,10.8287,11.4691,11.814,10.6513,11.4494,-0.6207000000000011,-5.4212,34034592.0,389310596.8
16,300485.SZ,20210930,11.4494,11.2327,12.2574,11.1243,11.2425,0.20690000000000097,1.8403,95371120.0,1140021562.36
17,300485.SZ,20210831,11.2425,11.7746,15.0065,11.1538,11.745,-0.5024999999999995,-4.2784,302366077.0,4045526723.11
18,300485.SZ,20210730,11.745,12.6023,13.6763,10.5528,12.5727,-0.8277000000000001,-6.5833,107465595.0,1315906114.34
19,300485.SZ,20210630,12.5727,13.3216,13.8339,12.3067,13.4891,-0.9164000000000012,-6.7936,105587447.0,1392663092.22
20,300485.SZ,20210531,13.4891,12.6712,14.1394,11.7056,12.9767,0.5124000000000013,3.9486,201320334.0,2660135921.46
21,300485.SZ,20210430,12.9112,10.7054,13.2837,10.5878,10.6956,2.2155999999999985,20.7151,140505736.0,1699588086.08
22,300485.SZ,20210331,10.6956,11.7152,12.4406,10.5192,11.7054,-1.0097999999999985,-8.6268,80632310.0,936127027.24
23,300485.SZ,20210226,11.7054,11.8818,12.7544,10.9603,11.8622,-0.1568000000000005,-1.3218,70082682.0,852661331.28
24,300485.SZ,20210129,11.8622,14.5876,14.8425,11.6073,14.47,-2.607800000000001,-18.0221,122954546.0,1666164252.15
25,300485.SZ,20201231,14.47,16.764,17.5875,14.0876,16.6758,-2.205799999999998,-13.2276,163479080.0,2679381915.63
26,300485.SZ,20201130,16.6758,18.3816,20.2736,16.5483,18.3326,-1.6568000000000005,-9.0375,206131219.0,3807519976.98
27,300485.SZ,20201030,18.3326,20.2442,23.9107,18.1463,19.9501,-1.6174999999999997,-8.1077,377283531.0,8080561392.83
28,300485.SZ,20200930,19.9501,17.8914,22.0677,15.019,17.9796,1.9704999999999977,10.9596,459339994.0,8908536654.58
29,300485.SZ,20200831,17.9796,22.0089,23.2049,16.4699,21.95,-3.970399999999998,-18.0884,271527018.0,5394724981.77
30,300485.SZ,20200731,21.95,21.6069,25.4891,17.1561,21.5971,0.3528999999999982,1.634,631471300.0,13576483658.4
31,300485.SZ,20200630,21.5971,15.3817,27.5282,14.9994,15.3817,6.215400000000001,40.4078,803852919.0,17252913043.35
32,300485.SZ,20200529,15.3817,14.6955,17.9404,13.7837,15.2444,0.13729999999999976,0.9007,562279825.0,8927070491.35
33,300485.SZ,20200430,15.1892,11.7314,17.3773,10.9304,11.9756,3.2135999999999996,26.8346,579795279.0,8284943885.72
34,300485.SZ,20200331,11.9756,9.2796,13.1868,9.2308,9.1917,2.783899999999999,30.2871,406336044.0,4744641520.51
35,300485.SZ,20200228,9.1917,8.2637,10.7057,8.2637,9.1038,0.0879000000000012,0.9655,203094742.0,2021145835.42
36,300485.SZ,20200123,9.1038,8.8498,9.9243,8.4982,8.801,0.3027999999999995,3.4405,66247236.0,612702874.39
37,300485.SZ,20191231,8.801,8.0098,8.967,7.9023,8.1074,0.6936,8.5551,60054217.0,512817960.49
38,300485.SZ,20191129,8.1074,8.1563,8.6544,7.7656,8.2149,-0.10749999999999993,-1.3086,57787868.0,490472374.31
39,300485.SZ,20191031,8.2149,9.0256,9.4066,8.0684,9.0256,-0.8107000000000006,-8.9822,27686729.0,252771811.44
40,300485.SZ,20190930,9.0256,9.475,10.0903,9.0061,9.475,-0.4493999999999989,-4.743,37167633.0,370376115.38
41,300485.SZ,20190830,9.475,9.9243,10.061,8.8107,9.9829,-0.5079000000000011,-5.0877,28332985.0,277325959.69
42,300485.SZ,20190731,9.9829,9.7875,10.3345,9.3284,9.6898,0.2931000000000008,3.0248,33075671.0,329899302.65
43,300485.SZ,20190628,9.6898,10.0415,10.061,9.3284,10.0317,-0.34190000000000076,-3.4082,28397648.0,284424685.84
44,300485.SZ,20190531,10.0317,10.3345,10.7253,9.7875,10.5787,-0.5469999999999988,-5.1708,36151627.0,380424127.67
45,300485.SZ,20190430,10.4557,11.4018,12.7244,10.3205,11.3535,-0.8978000000000002,-7.9077,80951060.0,997225354.34
46,300485.SZ,20190329,11.3535,11.0446,12.2321,10.8418,10.9577,0.3957999999999995,3.6121,95558984.0,1151655608.05
47,300485.SZ,20190228,10.9577,9.0944,11.2956,9.0944,9.1427,1.8150000000000013,19.8519,39377665.0,424717643.56
48,300485.SZ,20190131,9.1427,9.635,9.8668,9.0461,9.4709,-0.3282000000000007,-3.4654,24698757.0,244896667.32
49,300485.SZ,20181228,9.4709,10.6391,11.0929,9.3261,10.4074,-0.9365000000000006,-8.9984,31041745.0,323686747.42
50,300485.SZ,20181130,10.4074,9.915,11.3825,9.8668,9.8378,0.5696000000000012,5.7899,51420762.0,567844287.82
51,300485.SZ,20181031,9.8378,11.0832,11.0832,8.6889,11.2473,-1.4094999999999995,-12.5319,30957566.0,316556446.55
52,300485.SZ,20180928,11.2473,12.0969,12.1452,10.6294,12.0583,-0.8109999999999999,-6.7257,28149601.0,330449400.96
53,300485.SZ,20180831,12.0583,12.2417,12.4348,11.2473,12.2707,-0.2124000000000006,-1.731,40556385.0,497788108.49
54,300485.SZ,20180731,12.2707,13.7575,14.1919,11.8749,13.8926,-1.6219000000000001,-11.6746,76344083.0,1039271825.57
55,300485.SZ,20180629,13.8926,31.2994,31.7339,13.0913,31.2994,-17.406799999999997,-55.6138,31159856.0,887410689.17
56,300485.SZ,20180531,15.5269,16.5518,17.4522,14.8037,16.5039,-0.9770000000000021,-5.9198,67253286.0,2331499175.27
57,300485.SZ,20180427,16.5039,15.3114,16.7625,14.2051,15.024,1.4799000000000024,9.8502,58343695.0,1889393150.39
58,300485.SZ,20180330,15.024,12.1744,15.5604,12.1648,12.3133,2.710699999999999,22.0144,59023251.0,1764343743.04
59,300485.SZ,20180228,12.3133,12.6916,12.706,10.8861,12.615,-0.3017000000000003,-2.3916,14785280.0,360892711.5
60,300485.SZ,20180131,12.615,13.8554,14.1189,12.5575,13.7932,-1.1782000000000004,-8.5419,16802535.0,476606964.85
61,300485.SZ,20171229,13.7932,13.7932,14.0518,13.161,13.7501,0.043100000000000804,0.3135,12331615.0,350620386.66
62,300485.SZ,20171130,13.7501,15.0959,16.0394,13.5585,15.1054,-1.3552999999999997,-8.9723,33086330.0,1046953727.83
63,300485.SZ,20171031,15.1054,14.5116,15.4694,14.2769,14.3631,0.7423000000000002,5.1681,26157701.0,815608345.63
64,300485.SZ,20170929,14.3631,14.4733,15.5892,14.1811,14.4206,-0.057500000000000995,-0.3987,29794149.0,928489249.24
65,300485.SZ,20170831,14.4206,13.4148,14.5116,13.1035,13.41,1.0106000000000002,7.5362,25918897.0,751615291.31
66,300485.SZ,20170731,13.41,15.7472,15.8909,12.9311,15.6993,-2.289299999999999,-14.5822,17405553.0,512348286.51
67,300485.SZ,20170630,15.6993,15.7807,16.6907,15.1342,15.8095,-0.11020000000000074,-0.697,16843673.0,560610007.51
68,300485.SZ,20170531,15.6844,15.9078,16.0503,14.7532,15.8935,-0.2090999999999994,-1.3156,14842875.0,484044920.47
69,300485.SZ,20170428,15.8935,18.8394,19.172,15.5181,18.8251,-2.9315999999999995,-15.5728,21420524.0,778705210.59
70,300485.SZ,20170331,18.8251,19.7612,20.3693,18.5543,19.7422,-0.9171000000000014,-4.6454,26608557.0,1108047762.52
71,300485.SZ,20170228,19.7422,19.2623,19.9465,18.9107,19.2623,0.47990000000000066,2.4914,16914816.0,691964378.86
72,300485.SZ,20170126,19.2623,20.2648,21.9801,18.4355,20.3503,-1.088000000000001,-5.3464,22140502.0,922519592.12
73,300485.SZ,20161230,20.3503,22.7023,22.9446,20.146,22.7641,-2.4137999999999984,-10.6035,26587708.0,1191853508.42
74,300485.SZ,20161130,22.7641,21.9991,24.2085,21.9563,22.0181,0.7459999999999987,3.3881,62246591.0,3026949362.09
75,300485.SZ,20161031,22.0181,21.2008,23.2725,21.2008,21.1438,0.8743000000000016,4.135,35187187.0,1644979164.73
76,300485.SZ,20160930,21.1438,22.0323,22.4172,20.7875,21.9848,-0.8410000000000011,-3.8254,28177423.0,1283054517.67
77,300485.SZ,20160831,21.9848,21.7568,22.3792,20.778,21.7615,0.22329999999999828,1.0261,43986896.0,2003804142.39
78,300485.SZ,20160729,21.7615,22.0038,25.4676,21.619,22.0751,-0.31359999999999744,-1.4206,103044908.0,5091572316.32
79,300485.SZ,20160630,22.0751,22.6453,24.2322,20.5356,22.6548,-0.5797000000000025,-2.5588,63786424.0,3006867483.85
80,300485.SZ,20160531,22.6548,22.7118,24.8404,20.051,22.7403,-0.08549999999999969,-0.376,47585347.0,2205939895.95
81,300485.SZ,20160429,22.7403,51.6955,57.5777,22.1226,52.3607,-29.6204,-56.5699,37792395.0,3593946267.17
82,300485.SZ,20160331,26.089,21.7803,26.9863,19.6496,21.7259,4.363099999999999,20.0825,38339478.0,3811412191.44
83,300485.SZ,20160229,21.7259,24.1241,29.8295,21.7259,24.5431,-2.8171999999999997,-11.4786,30965272.0,3432419698.08
84,300485.SZ,20160129,24.5431,34.0909,34.5644,22.7296,34.7775,-10.234400000000004,-29.4282,40401126.0,4946736897.14
85,300485.SZ,20151231,34.7775,37.8812,41.8561,33.6766,38.2812,-3.503699999999995,-9.1525,69175158.0,11223417186.02
86,300485.SZ,20151130,38.2812,21.5436,38.2812,21.3873,22.017,16.2642,73.8711,93188542.0,11804501628.56
87,300485.SZ,20151030,22.017,18.5795,23.1463,18.3475,17.7746,4.2424,23.8678,49712913.0,4308037798.9
88,300485.SZ,20150930,17.7746,16.9744,19.6473,15.5232,17.4029,0.3717000000000006,2.1359,50880936.0,3848037222.96
89,300485.SZ,20150831,17.4029,24.0294,27.9972,16.5743,24.2543,-6.851400000000002,-28.2482,94308265.0,9208150631.51
90,300485.SZ,20150731,24.2543,17.4503,29.7822,16.205,15.8641,8.3902,52.888,145831836.0,14021931063.37
91,300485.SZ,20150630,15.8641,12.0194,15.8641,12.0194,9.1051,6.759,74.2331,74700.0,4624163.0
